p1_polar,p1_size,p1_flex,p1_h_doner,p1_h_acceptor,p1_pi_doner,p1_pi_acceptor,p1_polarisable,p1_sigma,p1_branch,p2_polar,p2_size,p2_flex,p2_h_doner,p2_h_acceptor,p2_pi_doner,p2_pi_acceptor,p2_polarisable,p2_sigma,p2_branch,p3_polar,p3_size,p3_flex,p3_h_doner,p3_h_acceptor,p3_pi_doner,p3_pi_acceptor,p3_polarisable,p3_sigma,p3_branch,p4_polar,p4_size,p4_flex,p4_h_doner,p4_h_acceptor,p4_pi_doner,p4_pi_acceptor,p4_polarisable,p4_sigma,p4_branch,p5_polar,p5_size,p5_flex,p5_h_doner,p5_h_acceptor,p5_pi_doner,p5_pi_acceptor,p5_polarisable,p5_sigma,p5_branch,p6_polar,p6_size,p6_flex,p6_h_doner,p6_h_acceptor,p6_pi_doner,p6_pi_acceptor,p6_polarisable,p6_sigma,p6_branch,class
0.58,0.233,0.1,0.1,0.1,0.5,0.1,0.5,0.9,0.1,0.1,0.1,0.1,0.1,0.1,0.1,0.1,0.1,0.1,0.1,0.1,0.1,0.1,0.1,0.1,0.1,0.1,0.1,0.1,0.1,0.3,0.5,0.557,0.1,0.1,0.1,0.1,0.5,0.1,0.1,0.7,0.26,0,0,0.1,0.9,0.1,0.5,0.9,0.1,0.9,0.5,0.1,0.1,0.1,0.1,0.9,0.9,0.633,0.633,0.726
0.1,0.1,0.1,0.1,0.1,0.1,0.1,0.1,0.1,0.1,0.1,0.1,0.1,0.1,0.1,0.1,0.1,0.1,0.1,0.1,0.1,0.1,0.1,0.1,0.1,0.1,0.1,0.1,0.1,0.1,0.1,0.1,0.1,0.1,0.1,0.1,0.1,0.1,0.1,0.1,0.1,0.1,0,0,0.1,0.1,0.1,0.1,0.1,0.1,0.1,0.1,0.1,0.1,0.1,0.1,0.1,0.1,0.1,0.1,0.564
0.26,0.1,0.1,0.1,0.1,0.1,0.1,0.1,0.1,0.1,0.1,0.1,0.1,0.1,0.1,0.1,0.1,0.1,0.1,0.1,0.1,0.1,0.1,0.1,0.1,0.1,0.1,0.1,0.1,0.1,0.5,0.4,0.329,0.5,0.367,0.5,0.1,0.5,0.367,0.3,0.9,0.42,0,0,0.1,0.1,0.5,0.9,0.633,0.9,0.3,0.1,0.1,0.1,0.1,0.1,0.1,0.1,0.1,0.1,0.734
0.42,0.5,0.633,0.1,0.633,0.5,0.1,0.5,0.367,0.1,0.26,0.1,0.1,0.1,0.1,0.1,0.1,0.1,0.1,0.1,0.9,0.633,0.1,0.1,0.1,0.1,0.9,0.9,0.633,0.9,0.3,0.1,0.1,0.1,0.1,0.1,0.1,0.1,0.1,0.1,0.1,0.1,0,0,0.1,0.1,0.1,0.1,0.1,0.1,0.1,0.1,0.1,0.1,0.1,0.1,0.1,0.1,0.1,0.1,0.78
0.58,0.233,0.1,0.1,0.1,0.5,0.1,0.5,0.9,0.1,0.1,0.1,0.1,0.1,0.1,0.1,0.1,0.1,0.1,0.1,0.1,0.1,0.1,0.1,0.1,0.1,0.1,0.1,0.1,0.1,0.5,0.6,0.214,0.1,0.633,0.5,0.1,0.1,0.367,0.5,0.1,0.1,0,0,0.1,0.1,0.1,0.1,0.1,0.1,0.1,0.1,0.1,0.1,0.1,0.1,0.1,0.1,0.1,0.1,0.678
0.26,0.1,0.1,0.1,0.1,0.1,0.1,0.1,0.1,0.1,0.1,0.1,0.1,0.1,0.1,0.1,0.1,0.1,0.1,0.1,0.1,0.1,0.1,0.1,0.1,0.1,0.1,0.1,0.1,0.1,0.5,0.5,0.443,0.5,0.367,0.5,0.1,0.5,0.367,0.3,0.9,0.42,0,0,0.1,0.1,0.5,0.9,0.633,0.9,0.3,0.1,0.1,0.1,0.1,0.1,0.1,0.1,0.1,0.1,0.772
0.1,0.1,0.1,0.1,0.1,0.1,0.1,0.1,0.1,0.1,0.1,0.1,0.1,0.1,0.1,0.1,0.1,0.1,0.1,0.1,0.1,0.1,0.1,0.1,0.1,0.1,0.1,0.1,0.1,0.1,0.3,0.6,0.329,0.1,0.367,0.1,0.1,0.5,0.1,0.5,0.1,0.1,0,0,0.1,0.1,0.1,0.1,0.1,0.1,0.1,0.1,0.1,0.1,0.1,0.1,0.1,0.1,0.1,0.1,0.639
0.26,0.1,0.1,0.1,0.1,0.1,0.1,0.1,0.1,0.1,0.1,0.1,0.1,0.1,0.1,0.1,0.1,0.1,0.1,0.1,0.1,0.1,0.1,0.1,0.1,0.1,0.1,0.1,0.1,0.1,0.5,0.5,0.557,0.1,0.367,0.5,0.1,0.5,0.367,0.1,0.3,0.1,0,0,0.1,0.1,0.1,0.1,0.1,0.1,0.9,0.5,0.1,0.1,0.1,0.1,0.9,0.9,0.633,0.633,0.817
0.58,0.233,0.1,0.1,0.1,0.5,0.1,0.5,0.9,0.1,0.1,0.1,0.1,0.1,0.1,0.1,0.1,0.1,0.1,0.1,0.1,0.1,0.1,0.1,0.1,0.1,0.1,0.1,0.1,0.1,0.5,0.3,0.329,0.1,0.367,0.1,0.1,0.5,0.1,0.1,0.9,0.42,0,0,0.1,0.1,0.5,0.9,0.633,0.9,0.3,0.1,0.1,0.1,0.1,0.1,0.1,0.1,0.1,0.1,0.73
0.26,0.1,0.1,0.1,0.1,0.1,0.1,0.1,0.1,0.1,0.1,0.1,0.1,0.1,0.1,0.1,0.1,0.1,0.1,0.1,0.1,0.1,0.1,0.1,0.1,0.1,0.1,0.1,0.1,0.1,0.5,0.4,0.329,0.5,0.367,0.5,0.1,0.5,0.367,0.3,0.3,0.26,0,0,0.1,0.1,0.1,0.5,0.1,0.1,0.9,0.5,0.1,0.1,0.1,0.1,0.9,0.9,0.633,0.633,0.792
0.58,0.367,0.233,0.5,0.367,0.1,0.5,0.5,0.1,0.5,0.58,0.9,0.1,0.1,0.9,0.1,0.5,0.5,0.1,0.9,0.3,0.1,0.1,0.1,0.1,0.1,0.1,0.1,0.1,0.1,0.3,0.1,0.1,0.1,0.1,0.1,0.1,0.1,0.1,0.1,0.1,0.1,0,0,0.1,0.1,0.1,0.1,0.1,0.1,0.1,0.1,0.1,0.1,0.1,0.1,0.1,0.1,0.1,0.1,0.74
0.26,0.1,0.1,0.1,0.1,0.1,0.1,0.1,0.1,0.1,0.1,0.1,0.1,0.1,0.1,0.1,0.1,0.1,0.1,0.1,0.1,0.1,0.1,0.1,0.1,0.1,0.1,0.1,0.1,0.1,0.5,0.9,0.214,0.5,0.367,0.5,0.1,0.5,0.367,0.7,0.3,0.1,0,0,0.1,0.1,0.1,0.1,0.1,0.1,0.9,0.5,0.1,0.1,0.1,0.1,0.9,0.9,0.633,0.633,0.415
0.58,0.233,0.1,0.1,0.1,0.5,0.1,0.5,0.9,0.1,0.1,0.1,0.1,0.1,0.1,0.1,0.1,0.1,0.1,0.1,0.1,0.1,0.1,0.1,0.1,0.1,0.1,0.1,0.1,0.1,0.5,0.6,0.557,0.5,0.633,0.5,0.1,0.5,0.367,0.3,0.3,0.1,0,0,0.1,0.1,0.1,0.1,0.1,0.1,0.9,0.5,0.1,0.1,0.1,0.1,0.9,0.9,0.633,0.633,0.651
0.58,0.233,0.1,0.1,0.1,0.5,0.1,0.5,0.9,0.1,0.1,0.1,0.1,0.1,0.1,0.1,0.1,0.1,0.1,0.1,0.1,0.1,0.1,0.1,0.1,0.1,0.1,0.1,0.1,0.1,0.5,0.7,0.671,0.9,0.9,0.5,0.1,0.5,0.367,0.3,0.9,0.42,0,0,0.1,0.1,0.5,0.9,0.633,0.9,0.3,0.1,0.1,0.1,0.1,0.1,0.1,0.1,0.1,0.1,0.726
0.58,0.233,0.1,0.1,0.1,0.5,0.1,0.5,0.9,0.1,0.1,0.1,0.1,0.1,0.1,0.1,0.1,0.1,0.1,0.1,0.1,0.1,0.1,0.1,0.1,0.1,0.1,0.1,0.1,0.1,0.5,0.6,0.329,0.1,0.633,0.5,0.1,0.1,0.367,0.5,0.1,0.1,0,0,0.1,0.1,0.1,0.1,0.1,0.1,0.1,0.1,0.1,0.1,0.1,0.1,0.1,0.1,0.1,0.1,0.713
0.26,0.633,0.633,0.1,0.1,0.1,0.1,0.5,0.1,0.1,0.58,0.367,0.1,0.1,0.1,0.9,0.1,0.5,0.9,0.1,0.9,0.633,0.1,0.1,0.1,0.1,0.9,0.9,0.633,0.9,0.3,0.1,0.1,0.1,0.1,0.1,0.1,0.1,0.1,0.1,0.1,0.1,0,0,0.1,0.1,0.1,0.1,0.1,0.1,0.1,0.1,0.1,0.1,0.1,0.1,0.1,0.1,0.1,0.1,0.726
0.42,0.767,0.9,0.1,0.633,0.5,0.1,0.5,0.367,0.1,0.26,0.1,0.1,0.1,0.1,0.1,0.1,0.1,0.1,0.1,0.9,0.633,0.1,0.1,0.1,0.1,0.9,0.9,0.633,0.9,0.7,0.2,0.1,0.1,0.1,0.5,0.1,0.5,0.9,0.1,0.1,0.1,0,0,0.1,0.1,0.1,0.1,0.1,0.1,0.1,0.1,0.1,0.1,0.1,0.1,0.1,0.1,0.1,0.1,0.523
0.26,0.1,0.1,0.1,0.1,0.1,0.1,0.1,0.1,0.1,0.26,0.1,0.1,0.1,0.1,0.1,0.1,0.1,0.1,0.1,0.3,0.1,0.1,0.1,0.1,0.1,0.1,0.1,0.1,0.1,0.3,0.1,0.1,0.1,0.1,0.1,0.1,0.1,0.1,0.1,0.1,0.1,0,0,0.1,0.1,0.1,0.1,0.1,0.1,0.1,0.1,0.1,0.1,0.1,0.1,0.1,0.1,0.1,0.1,0.55
0.58,0.233,0.1,0.1,0.1,0.5,0.1,0.5,0.9,0.1,0.1,0.1,0.1,0.1,0.1,0.1,0.1,0.1,0.1,0.1,0.1,0.1,0.1,0.1,0.1,0.1,0.1,0.1,0.1,0.1,0.5,0.5,0.214,0.9,0.633,0.5,0.1,0.5,0.367,0.3,0.3,0.1,0,0,0.1,0.1,0.1,0.1,0.1,0.1,0.9,0.5,0.1,0.1,0.1,0.1,0.9,0.9,0.633,0.633,0.772
0.26,0.1,0.1,0.1,0.1,0.1,0.1,0.1,0.1,0.1,0.1,0.1,0.1,0.1,0.1,0.1,0.1,0.1,0.1,0.1,0.1,0.1,0.1,0.1,0.1,0.1,0.1,0.1,0.1,0.1,0.5,0.4,0.329,0.5,0.367,0.5,0.1,0.5,0.367,0.5,0.3,0.1,0,0,0.1,0.1,0.1,0.1,0.1,0.1,0.9,0.5,0.1,0.1,0.1,0.1,0.9,0.9,0.633,0.633,0.641
0.1,0.1,0.1,0.1,0.1,0.1,0.1,0.1,0.1,0.1,0.1,0.1,0.1,0.1,0.1,0.1,0.1,0.1,0.1,0.1,0.1,0.1,0.1,0.1,0.1,0.1,0.1,0.1,0.1,0.1,0.5,0.6,0.329,0.1,0.9,0.5,0.1,0.1,0.367,0.5,0.1,0.1,0,0,0.1,0.1,0.1,0.1,0.1,0.1,0.1,0.1,0.1,0.1,0.1,0.1,0.1,0.1,0.1,0.1,0.641
0.26,0.1,0.1,0.1,0.1,0.1,0.1,0.1,0.1,0.1,0.1,0.1,0.1,0.1,0.1,0.1,0.1,0.1,0.1,0.1,0.1,0.1,0.1,0.1,0.1,0.1,0.1,0.1,0.1,0.1,0.5,0.3,0.1,0.5,0.367,0.9,0.1,0.5,0.367,0.5,0.9,0.42,0,0,0.1,0.1,0.5,0.9,0.633,0.9,0.3,0.1,0.1,0.1,0.1,0.1,0.1,0.1,0.1,0.1,0.1
0.58,0.233,0.1,0.1,0.1,0.5,0.1,0.5,0.9,0.1,0.1,0.1,0.1,0.1,0.1,0.1,0.1,0.1,0.1,0.1,0.1,0.1,0.1,0.1,0.1,0.1,0.1,0.1,0.1,0.1,0.5,0.3,0.329,0.1,0.367,0.1,0.1,0.5,0.1,0.1,0.9,0.26,0,0,0.5,0.1,0.9,0.9,0.1,0.1,0.3,0.1,0.1,0.1,0.1,0.1,0.1,0.1,0.1,0.1,0.687
0.42,0.633,0.767,0.1,0.633,0.5,0.1,0.5,0.367,0.1,0.26,0.1,0.1,0.1,0.1,0.1,0.1,0.1,0.1,0.1,0.9,0.633,0.1,0.1,0.1,0.1,0.9,0.9,0.633,0.9,0.7,0.2,0.1,0.1,0.1,0.5,0.1,0.5,0.9,0.1,0.1,0.1,0,0,0.1,0.1,0.1,0.1,0.1,0.1,0.1,0.1,0.1,0.1,0.1,0.1,0.1,0.1,0.1,0.1,0.616
0.1,0.1,0.1,0.1,0.1,0.1,0.1,0.1,0.1,0.1,0.1,0.1,0.1,0.1,0.1,0.1,0.1,0.1,0.1,0.1,0.1,0.1,0.1,0.1,0.1,0.1,0.1,0.1,0.1,0.1,0.5,0.6,0.214,0.1,0.633,0.5,0.1,0.1,0.367,0.5,0.1,0.1,0,0,0.1,0.1,0.1,0.1,0.1,0.1,0.1,0.1,0.1,0.1,0.1,0.1,0.1,0.1,0.1,0.1,0.51
0.26,0.1,0.1,0.1,0.1,0.1,0.1,0.1,0.1,0.1,0.1,0.1,0.1,0.1,0.1,0.1,0.1,0.1,0.1,0.1,0.1,0.1,0.1,0.1,0.1,0.1,0.1,0.1,0.1,0.1,0.3,0.5,0.557,0.1,0.1,0.1,0.1,0.5,0.1,0.1,0.3,0.1,0,0,0.1,0.1,0.1,0.1,0.1,0.1,0.3,0.1,0.1,0.1,0.1,0.1,0.1,0.1,0.1,0.1,0.788
0.58,0.233,0.1,0.1,0.1,0.5,0.1,0.5,0.9,0.1,0.1,0.1,0.1,0.1,0.1,0.1,0.1,0.1,0.1,0.1,0.1,0.1,0.1,0.1,0.1,0.1,0.1,0.1,0.1,0.1,0.5,0.3,0.329,0.1,0.367,0.1,0.1,0.5,0.1,0.1,0.7,0.26,0,0,0.1,0.9,0.1,0.5,0.9,0.1,0.9,0.5,0.1,0.1,0.1,0.1,0.9,0.9,0.633,0.633,0.67
0.42,0.5,0.367,0.5,0.367,0.5,0.1,0.5,0.367,0.5,0.26,0.1,0.1,0.1,0.1,0.1,0.1,0.1,0.1,0.1,0.9,0.633,0.1,0.1,0.1,0.1,0.9,0.9,0.633,0.9,0.3,0.1,0.1,0.1,0.1,0.1,0.1,0.1,0.1,0.1,0.1,0.1,0,0,0.1,0.1,0.1,0.1,0.1,0.1,0.1,0.1,0.1,0.1,0.1,0.1,0.1,0.1,0.1,0.1,0.62
0.58,0.233,0.1,0.1,0.1,0.5,0.1,0.5,0.9,0.1,0.1,0.1,0.1,0.1,0.1,0.1,0.1,0.1,0.1,0.1,0.1,0.1,0.1,0.1,0.1,0.1,0.1,0.1,0.1,0.1,0.5,0.3,0.329,0.1,0.367,0.1,0.1,0.5,0.1,0.1,0.9,0.42,0,0,0.1,0.1,0.5,0.9,0.633,0.9,0.7,0.3,0.1,0.1,0.1,0.9,0.1,0.5,0.9,0.1,0.788
0.26,0.1,0.1,0.1,0.1,0.1,0.1,0.1,0.1,0.1,0.1,0.1,0.1,0.1,0.1,0.1,0.1,0.1,0.1,0.1,0.1,0.1,0.1,0.1,0.1,0.1,0.1,0.1,0.1,0.1,0.5,0.5,0.329,0.1,0.367,0.9,0.1,0.5,0.367,0.5,0.3,0.1,0,0,0.1,0.1,0.1,0.1,0.1,0.1,0.9,0.5,0.1,0.1,0.1,0.1,0.9,0.9,0.633,0.633,0.796
0.26,0.1,0.1,0.1,0.1,0.1,0.1,0.1,0.1,0.1,0.1,0.1,0.1,0.1,0.1,0.1,0.1,0.1,0.1,0.1,0.1,0.1,0.1,0.1,0.1,0.1,0.1,0.1,0.1,0.1,0.7,0.4,0.329,0.5,0.367,0.1,0.5,0.5,0.1,0.3,0.3,0.1,0,0,0.1,0.1,0.1,0.1,0.1,0.1,0.9,0.5,0.1,0.1,0.1,0.1,0.9,0.9,0.633,0.633,0.811
0.58,0.233,0.1,0.1,0.1,0.5,0.1,0.5,0.9,0.1,0.1,0.1,0.1,0.1,0.1,0.1,0.1,0.1,0.1,0.1,0.1,0.1,0.1,0.1,0.1,0.1,0.1,0.1,0.1,0.1,0.5,0.4,0.329,0.5,0.367,0.5,0.1,0.9,0.367,0.3,0.3,0.1,0,0,0.1,0.1,0.1,0.1,0.1,0.1,0.9,0.5,0.1,0.1,0.1,0.1,0.9,0.9,0.633,0.633,0.668
0.58,0.233,0.1,0.1,0.1,0.5,0.1,0.5,0.9,0.1,0.1,0.1,0.1,0.1,0.1,0.1,0.1,0.1,0.1,0.1,0.1,0.1,0.1,0.1,0.1,0.1,0.1,0.1,0.1,0.1,0.3,0.5,0.557,0.1,0.1,0.1,0.1,0.5,0.1,0.1,0.9,0.42,0,0,0.1,0.1,0.5,0.9,0.633,0.9,0.3,0.1,0.1,0.1,0.1,0.1,0.1,0.1,0.1,0.1,0.794
0.58,0.233,0.1,0.1,0.1,0.5,0.1,0.5,0.9,0.1,0.1,0.1,0.1,0.1,0.1,0.1,0.1,0.1,0.1,0.1,0.1,0.1,0.1,0.1,0.1,0.1,0.1,0.1,0.1,0.1,0.5,0.7,0.557,0.9,0.9,0.5,0.1,0.5,0.367,0.3,0.9,0.42,0,0,0.1,0.1,0.5,0.9,0.633,0.9,0.3,0.1,0.1,0.1,0.1,0.1,0.1,0.1,0.1,0.1,0.639
0.26,0.1,0.1,0.1,0.1,0.1,0.1,0.1,0.1,0.1,0.1,0.1,0.1,0.1,0.1,0.1,0.1,0.1,0.1,0.1,0.1,0.1,0.1,0.1,0.1,0.1,0.1,0.1,0.1,0.1,0.5,0.4,0.329,0.5,0.367,0.5,0.1,0.5,0.367,0.3,0.9,0.42,0,0,0.1,0.1,0.5,0.9,0.633,0.9,0.5,0.5,0.1,0.1,0.9,0.9,0.1,0.5,0.367,0.1,0.838
0.26,0.1,0.1,0.1,0.1,0.1,0.1,0.1,0.1,0.1,0.1,0.1,0.1,0.1,0.1,0.1,0.1,0.1,0.1,0.1,0.1,0.1,0.1,0.1,0.1,0.1,0.1,0.1,0.1,0.1,0.3,0.7,0.786,0.1,0.367,0.1,0.1,0.5,0.1,0.1,0.3,0.1,0,0,0.1,0.1,0.1,0.1,0.1,0.1,0.3,0.1,0.1,0.1,0.1,0.1,0.1,0.1,0.1,0.1,0.481
0.26,0.1,0.1,0.1,0.1,0.1,0.1,0.1,0.1,0.1,0.1,0.1,0.1,0.1,0.1,0.1,0.1,0.1,0.1,0.1,0.1,0.1,0.1,0.1,0.1,0.1,0.1,0.1,0.1,0.1,0.5,0.5,0.557,0.1,0.367,0.5,0.1,0.5,0.367,0.1,0.3,0.1,0,0,0.1,0.1,0.1,0.1,0.1,0.1,0.3,0.1,0.1,0.1,0.1,0.1,0.1,0.1,0.1,0.1,0.838
0.26,0.1,0.1,0.1,0.1,0.1,0.1,0.1,0.1,0.1,0.1,0.1,0.1,0.1,0.1,0.1,0.1,0.1,0.1,0.1,0.1,0.1,0.1,0.1,0.1,0.1,0.1,0.1,0.1,0.1,0.5,0.4,0.329,0.5,0.633,0.5,0.1,0.5,0.367,0.3,0.3,0.1,0,0,0.1,0.1,0.1,0.1,0.1,0.1,0.9,0.5,0.1,0.1,0.1,0.1,0.9,0.9,0.633,0.633,0.73
0.26,0.1,0.1,0.1,0.1,0.1,0.1,0.1,0.1,0.1,0.1,0.1,0.1,0.1,0.1,0.1,0.1,0.1,0.1,0.1,0.1,0.1,0.1,0.1,0.1,0.1,0.1,0.1,0.1,0.1,0.5,0.7,0.329,0.5,0.367,0.5,0.1,0.5,0.367,0.7,0.3,0.1,0,0,0.1,0.1,0.1,0.1,0.1,0.1,0.9,0.5,0.1,0.1,0.1,0.1,0.9,0.9,0.633,0.633,0.608
0.26,0.1,0.1,0.1,0.1,0.1,0.1,0.1,0.1,0.1,0.1,0.1,0.1,0.1,0.1,0.1,0.1,0.1,0.1,0.1,0.1,0.1,0.1,0.1,0.1,0.1,0.1,0.1,0.1,0.1,0.5,0.7,0.214,0.5,0.367,0.5,0.1,0.5,0.367,0.9,0.3,0.1,0,0,0.1,0.1,0.1,0.1,0.1,0.1,0.9,0.5,0.1,0.1,0.1,0.1,0.9,0.9,0.633,0.633,0.616
0.58,0.233,0.1,0.1,0.1,0.5,0.1,0.5,0.9,0.1,0.1,0.1,0.1,0.1,0.1,0.1,0.1,0.1,0.1,0.1,0.1,0.1,0.1,0.1,0.1,0.1,0.1,0.1,0.1,0.1,0.3,0.5,0.557,0.1,0.1,0.1,0.1,0.5,0.1,0.1,0.3,0.1,0,0,0.1,0.1,0.1,0.1,0.1,0.1,0.9,0.5,0.1,0.1,0.1,0.1,0.9,0.9,0.633,0.633,0.817
0.26,0.1,0.1,0.1,0.1,0.1,0.1,0.1,0.1,0.1,0.1,0.1,0.1,0.1,0.1,0.1,0.1,0.1,0.1,0.1,0.1,0.1,0.1,0.1,0.1,0.1,0.1,0.1,0.1,0.1,0.5,0.7,0.214,0.5,0.367,0.5,0.1,0.5,0.367,0.9,0.3,0.1,0,0,0.1,0.1,0.1,0.1,0.1,0.1,0.9,0.5,0.1,0.1,0.1,0.1,0.9,0.9,0.633,0.633,0.631
0.42,0.767,0.367,0.1,0.9,0.5,0.1,0.1,0.367,0.9,0.1,0.1,0.1,0.1,0.1,0.1,0.1,0.1,0.1,0.1,0.1,0.1,0.1,0.1,0.1,0.1,0.1,0.1,0.1,0.1,0.1,0.1,0.1,0.1,0.1,0.1,0.1,0.1,0.1,0.1,0.1,0.1,0,0,0.1,0.1,0.1,0.1,0.1,0.1,0.1,0.1,0.1,0.1,0.1,0.1,0.1,0.1,0.1,0.1,0.135
0.42,0.633,0.233,0.9,0.633,0.5,0.1,0.5,0.367,0.5,0.26,0.1,0.1,0.1,0.1,0.1,0.1,0.1,0.1,0.1,0.3,0.1,0.1,0.1,0.1,0.1,0.1,0.1,0.1,0.1,0.3,0.1,0.1,0.1,0.1,0.1,0.1,0.1,0.1,0.1,0.1,0.1,0,0,0.1,0.1,0.1,0.1,0.1,0.1,0.1,0.1,0.1,0.1,0.1,0.1,0.1,0.1,0.1,0.1,0.689
0.1,0.1,0.1,0.1,0.1,0.1,0.1,0.1,0.1,0.1,0.1,0.1,0.1,0.1,0.1,0.1,0.1,0.1,0.1,0.1,0.1,0.1,0.1,0.1,0.1,0.1,0.1,0.1,0.1,0.1,0.5,0.5,0.214,0.1,0.633,0.5,0.1,0.1,0.367,0.3,0.1,0.1,0,0,0.1,0.1,0.1,0.1,0.1,0.1,0.1,0.1,0.1,0.1,0.1,0.1,0.1,0.1,0.1,0.1,0.427
0.26,0.1,0.1,0.1,0.1,0.1,0.1,0.1,0.1,0.1,0.1,0.1,0.1,0.1,0.1,0.1,0.1,0.1,0.1,0.1,0.1,0.1,0.1,0.1,0.1,0.1,0.1,0.1,0.1,0.1,0.5,0.4,0.329,0.5,0.367,0.5,0.1,0.5,0.367,0.3,0.3,0.26,0,0,0.1,0.1,0.1,0.5,0.1,0.1,0.9,0.5,0.1,0.1,0.1,0.1,0.9,0.9,0.633,0.633,0.765
0.58,0.233,0.1,0.1,0.1,0.5,0.1,0.5,0.9,0.1,0.1,0.1,0.1,0.1,0.1,0.1,0.1,0.1,0.1,0.1,0.1,0.1,0.1,0.1,0.1,0.1,0.1,0.1,0.1,0.1,0.5,0.6,0.329,0.1,0.9,0.5,0.1,0.1,0.367,0.5,0.1,0.1,0,0,0.1,0.1,0.1,0.1,0.1,0.1,0.1,0.1,0.1,0.1,0.1,0.1,0.1,0.1,0.1,0.1,0.757
0.42,0.633,0.233,0.1,0.633,0.5,0.1,0.1,0.367,0.5,0.1,0.1,0.1,0.1,0.1,0.1,0.1,0.1,0.1,0.1,0.1,0.1,0.1,0.1,0.1,0.1,0.1,0.1,0.1,0.1,0.1,0.1,0.1,0.1,0.1,0.1,0.1,0.1,0.1,0.1,0.1,0.1,0,0,0.1,0.1,0.1,0.1,0.1,0.1,0.1,0.1,0.1,0.1,0.1,0.1,0.1,0.1,0.1,0.1,0.258
0.26,0.1,0.1,0.1,0.1,0.1,0.1,0.1,0.1,0.1,0.1,0.1,0.1,0.1,0.1,0.1,0.1,0.1,0.1,0.1,0.1,0.1,0.1,0.1,0.1,0.1,0.1,0.1,0.1,0.1,0.5,0.4,0.214,0.1,0.367,0.9,0.1,0.5,0.367,0.5,0.3,0.1,0,0,0.1,0.1,0.1,0.1,0.1,0.1,0.3,0.1,0.1,0.1,0.1,0.1,0.1,0.1,0.1,0.1,0.581
0.42,0.367,0.1,0.5,0.367,0.9,0.1,0.5,0.367,0.9,0.26,0.1,0.1,0.1,0.1,0.1,0.1,0.1,0.1,0.1,0.9,0.633,0.1,0.1,0.1,0.1,0.9,0.9,0.633,0.9,0.3,0.1,0.1,0.1,0.1,0.1,0.1,0.1,0.1,0.1,0.1,0.1,0,0,0.1,0.1,0.1,0.1,0.1,0.1,0.1,0.1,0.1,0.1,0.1,0.1,0.1,0.1,0.1,0.1,0.365
0.26,0.1,0.1,0.1,0.1,0.1,0.1,0.1,0.1,0.1,0.1,0.1,0.1,0.1,0.1,0.1,0.1,0.1,0.1,0.1,0.1,0.1,0.1,0.1,0.1,0.1,0.1,0.1,0.1,0.1,0.5,0.4,0.1,0.5,0.367,0.5,0.1,0.5,0.367,0.3,0.9,0.42,0,0,0.1,0.1,0.5,0.9,0.633,0.9,0.3,0.1,0.1,0.1,0.1,0.1,0.1,0.1,0.1,0.1,0.351
0.26,0.633,0.633,0.1,0.1,0.1,0.1,0.5,0.1,0.1,0.74,0.633,0.1,0.1,0.1,0.1,0.5,0.9,0.633,0.9,0.3,0.1,0.1,0.1,0.1,0.1,0.1,0.1,0.1,0.1,0.3,0.1,0.1,0.1,0.1,0.1,0.1,0.1,0.1,0.1,0.1,0.1,0,0,0.1,0.1,0.1,0.1,0.1,0.1,0.1,0.1,0.1,0.1,0.1,0.1,0.1,0.1,0.1,0.1,0.809
0.26,0.1,0.1,0.1,0.1,0.1,0.1,0.1,0.1,0.1,0.1,0.1,0.1,0.1,0.1,0.1,0.1,0.1,0.1,0.1,0.1,0.1,0.1,0.1,0.1,0.1,0.1,0.1,0.1,0.1,0.5,0.6,0.443,0.1,0.367,0.1,0.1,0.5,0.1,0.5,0.3,0.1,0,0,0.1,0.1,0.1,0.1,0.1,0.1,0.3,0.1,0.1,0.1,0.1,0.1,0.1,0.1,0.1,0.1,0.643
0.42,0.633,0.233,0.9,0.633,0.5,0.1,0.5,0.367,0.5,0.9,0.633,0.1,0.1,0.1,0.1,0.9,0.1,0.9,0.5,0.3,0.1,0.1,0.1,0.1,0.1,0.1,0.1,0.1,0.1,0.3,0.1,0.1,0.1,0.1,0.1,0.1,0.1,0.1,0.1,0.1,0.1,0,0,0.1,0.1,0.1,0.1,0.1,0.1,0.1,0.1,0.1,0.1,0.1,0.1,0.1,0.1,0.1,0.1,0.809
0.26,0.767,0.767,0.1,0.367,0.1,0.1,0.5,0.1,0.5,0.1,0.1,0.1,0.1,0.1,0.1,0.1,0.1,0.1,0.1,0.1,0.1,0.1,0.1,0.1,0.1,0.1,0.1,0.1,0.1,0.1,0.1,0.1,0.1,0.1,0.1,0.1,0.1,0.1,0.1,0.1,0.1,0,0,0.1,0.1,0.1,0.1,0.1,0.1,0.1,0.1,0.1,0.1,0.1,0.1,0.1,0.1,0.1,0.1,0.602
0.26,0.1,0.1,0.1,0.1,0.1,0.1,0.1,0.1,0.1,0.1,0.1,0.1,0.1,0.1,0.1,0.1,0.1,0.1,0.1,0.1,0.1,0.1,0.1,0.1,0.1,0.1,0.1,0.1,0.1,0.5,0.7,0.329,0.5,0.367,0.5,0.1,0.5,0.367,0.7,0.3,0.1,0,0,0.1,0.1,0.1,0.1,0.1,0.1,0.9,0.5,0.1,0.1,0.1,0.1,0.9,0.9,0.633,0.633,0.32
0.58,0.233,0.1,0.1,0.1,0.1,0.5,0.1,0.9,0.5,0.1,0.1,0.1,0.1,0.1,0.1,0.1,0.1,0.1,0.1,0.1,0.1,0.1,0.1,0.1,0.1,0.1,0.1,0.1,0.1,0.1,0.1,0.1,0.1,0.1,0.1,0.1,0.1,0.1,0.1,0.1,0.1,0,0,0.1,0.1,0.1,0.1,0.1,0.1,0.1,0.1,0.1,0.1,0.1,0.1,0.1,0.1,0.1,0.1,0.738
0.26,0.1,0.1,0.1,0.1,0.1,0.1,0.1,0.1,0.1,0.1,0.1,0.1,0.1,0.1,0.1,0.1,0.1,0.1,0.1,0.1,0.1,0.1,0.1,0.1,0.1,0.1,0.1,0.1,0.1,0.5,0.5,0.329,0.5,0.367,0.5,0.1,0.5,0.367,0.5,0.3,0.1,0,0,0.1,0.1,0.1,0.1,0.1,0.1,0.9,0.5,0.1,0.1,0.1,0.1,0.9,0.9,0.633,0.633,0.695
0.58,0.233,0.1,0.1,0.1,0.5,0.1,0.5,0.9,0.1,0.1,0.1,0.1,0.1,0.1,0.1,0.1,0.1,0.1,0.1,0.1,0.1,0.1,0.1,0.1,0.1,0.1,0.1,0.1,0.1,0.5,0.5,0.443,0.5,0.367,0.5,0.1,0.5,0.367,0.3,0.3,0.1,0,0,0.1,0.1,0.1,0.1,0.1,0.1,0.9,0.5,0.1,0.1,0.1,0.1,0.9,0.9,0.633,0.633,0.662
0.26,0.1,0.1,0.1,0.1,0.1,0.1,0.1,0.1,0.1,0.1,0.1,0.1,0.1,0.1,0.1,0.1,0.1,0.1,0.1,0.1,0.1,0.1,0.1,0.1,0.1,0.1,0.1,0.1,0.1,0.5,0.4,0.214,0.5,0.367,0.5,0.1,0.5,0.367,0.3,0.3,0.1,0,0,0.1,0.1,0.1,0.1,0.1,0.1,0.9,0.5,0.1,0.1,0.1,0.1,0.9,0.9,0.633,0.633,0.726
0.58,0.233,0.1,0.1,0.1,0.5,0.1,0.5,0.9,0.1,0.1,0.1,0.1,0.1,0.1,0.1,0.1,0.1,0.1,0.1,0.1,0.1,0.1,0.1,0.1,0.1,0.1,0.1,0.1,0.1,0.5,0.3,0.329,0.1,0.367,0.1,0.1,0.5,0.1,0.1,0.3,0.1,0,0,0.1,0.1,0.1,0.1,0.1,0.1,0.3,0.1,0.1,0.1,0.1,0.1,0.1,0.1,0.1,0.1,0.689
0.26,0.1,0.1,0.1,0.1,0.1,0.1,0.1,0.1,0.1,0.1,0.1,0.1,0.1,0.1,0.1,0.1,0.1,0.1,0.1,0.1,0.1,0.1,0.1,0.1,0.1,0.1,0.1,0.1,0.1,0.5,0.8,0.214,0.5,0.633,0.5,0.1,0.5,0.367,0.9,0.3,0.1,0,0,0.1,0.1,0.1,0.1,0.1,0.1,0.9,0.5,0.1,0.1,0.1,0.1,0.9,0.9,0.633,0.633,0.469
0.58,0.233,0.1,0.1,0.1,0.5,0.1,0.5,0.9,0.1,0.1,0.1,0.1,0.1,0.1,0.1,0.1,0.1,0.1,0.1,0.1,0.1,0.1,0.1,0.1,0.1,0.1,0.1,0.1,0.1,0.5,0.4,0.557,0.1,0.633,0.5,0.1,0.5,0.367,0.1,0.3,0.1,0,0,0.1,0.1,0.1,0.1,0.1,0.1,0.9,0.5,0.1,0.1,0.1,0.1,0.9,0.9,0.633,0.633,0.595
0.58,0.233,0.1,0.1,0.1,0.5,0.1,0.5,0.9,0.1,0.1,0.1,0.1,0.1,0.1,0.1,0.1,0.1,0.1,0.1,0.1,0.1,0.1,0.1,0.1,0.1,0.1,0.1,0.1,0.1,0.5,0.6,0.557,0.5,0.633,0.5,0.1,0.5,0.367,0.3,0.9,0.42,0,0,0.1,0.1,0.5,0.9,0.633,0.9,0.3,0.1,0.1,0.1,0.1,0.1,0.1,0.1,0.1,0.1,0.616
0.58,0.233,0.1,0.1,0.1,0.5,0.1,0.5,0.9,0.1,0.1,0.1,0.1,0.1,0.1,0.1,0.1,0.1,0.1,0.1,0.1,0.1,0.1,0.1,0.1,0.1,0.1,0.1,0.1,0.1,0.5,0.3,0.329,0.1,0.367,0.1,0.1,0.5,0.1,0.1,0.7,0.74,0,0,0.5,0.1,0.5,0.5,0.1,0.9,0.3,0.1,0.1,0.1,0.1,0.1,0.1,0.1,0.1,0.1,0.817
0.58,0.367,0.233,0.1,0.367,0.1,0.5,0.5,0.1,0.5,0.1,0.1,0.1,0.1,0.1,0.1,0.1,0.1,0.1,0.1,0.1,0.1,0.1,0.1,0.1,0.1,0.1,0.1,0.1,0.1,0.1,0.1,0.1,0.1,0.1,0.1,0.1,0.1,0.1,0.1,0.1,0.1,0,0,0.1,0.1,0.1,0.1,0.1,0.1,0.1,0.1,0.1,0.1,0.1,0.1,0.1,0.1,0.1,0.1,0.417
0.58,0.233,0.1,0.1,0.1,0.5,0.1,0.5,0.9,0.1,0.1,0.1,0.1,0.1,0.1,0.1,0.1,0.1,0.1,0.1,0.1,0.1,0.1,0.1,0.1,0.1,0.1,0.1,0.1,0.1,0.3,0.5,0.557,0.1,0.1,0.1,0.1,0.5,0.1,0.1,0.3,0.1,0,0,0.1,0.1,0.1,0.1,0.1,0.1,0.3,0.1,0.1,0.1,0.1,0.1,0.1,0.1,0.1,0.1,0.772
0.58,0.233,0.1,0.1,0.1,0.5,0.1,0.5,0.9,0.1,0.1,0.1,0.1,0.1,0.1,0.1,0.1,0.1,0.1,0.1,0.1,0.1,0.1,0.1,0.1,0.1,0.1,0.1,0.1,0.1,0.5,0.5,0.329,0.1,0.633,0.9,0.1,0.5,0.367,0.5,0.3,0.1,0,0,0.1,0.1,0.1,0.1,0.1,0.1,0.9,0.5,0.1,0.1,0.1,0.1,0.9,0.9,0.633,0.633,0.678
0.58,0.233,0.1,0.1,0.1,0.5,0.1,0.5,0.9,0.1,0.1,0.1,0.1,0.1,0.1,0.1,0.1,0.1,0.1,0.1,0.1,0.1,0.1,0.1,0.1,0.1,0.1,0.1,0.1,0.1,0.5,0.3,0.329,0.1,0.367,0.1,0.1,0.5,0.1,0.1,0.7,0.58,0,0,0.5,0.1,0.5,0.5,0.1,0.9,0.3,0.1,0.1,0.1,0.1,0.1,0.1,0.1,0.1,0.1,0.73
0.58,0.233,0.1,0.1,0.1,0.5,0.1,0.5,0.9,0.1,0.1,0.1,0.1,0.1,0.1,0.1,0.1,0.1,0.1,0.1,0.1,0.1,0.1,0.1,0.1,0.1,0.1,0.1,0.1,0.1,0.5,0.4,0.329,0.5,0.633,0.5,0.1,0.5,0.367,0.3,0.9,0.42,0,0,0.1,0.1,0.5,0.9,0.633,0.9,0.3,0.1,0.1,0.1,0.1,0.1,0.1,0.1,0.1,0.1,0.73
0.58,0.233,0.1,0.1,0.1,0.5,0.1,0.5,0.9,0.1,0.1,0.1,0.1,0.1,0.1,0.1,0.1,0.1,0.1,0.1,0.1,0.1,0.1,0.1,0.1,0.1,0.1,0.1,0.1,0.1,0.5,0.6,0.557,0.5,0.633,0.5,0.1,0.5,0.367,0.3,0.3,0.1,0,0,0.1,0.1,0.1,0.1,0.1,0.1,0.9,0.5,0.1,0.1,0.1,0.1,0.9,0.9,0.633,0.633,0.612
0.58,0.233,0.1,0.1,0.1,0.5,0.1,0.5,0.9,0.1,0.1,0.1,0.1,0.1,0.1,0.1,0.1,0.1,0.1,0.1,0.1,0.1,0.1,0.1,0.1,0.1,0.1,0.1,0.1,0.1,0.3,0.3,0.329,0.1,0.1,0.1,0.1,0.5,0.1,0.1,0.7,0.26,0,0,0.1,0.9,0.1,0.5,0.9,0.1,0.9,0.5,0.1,0.1,0.1,0.1,0.9,0.9,0.633,0.633,0.757
0.26,0.367,0.367,0.1,0.1,0.1,0.1,0.5,0.1,0.1,0.26,0.1,0.1,0.1,0.1,0.1,0.1,0.1,0.1,0.1,0.9,0.633,0.1,0.1,0.1,0.1,0.9,0.9,0.633,0.9,0.7,0.2,0.1,0.1,0.1,0.5,0.1,0.5,0.9,0.1,0.1,0.1,0,0,0.1,0.1,0.1,0.1,0.1,0.1,0.1,0.1,0.1,0.1,0.1,0.1,0.1,0.1,0.1,0.1,0.336
0.58,0.233,0.1,0.1,0.1,0.5,0.1,0.9,0.633,0.1,0.1,0.1,0.1,0.1,0.1,0.1,0.1,0.1,0.1,0.1,0.1,0.1,0.1,0.1,0.1,0.1,0.1,0.1,0.1,0.1,0.5,0.4,0.329,0.5,0.633,0.5,0.1,0.5,0.367,0.3,0.3,0.1,0,0,0.1,0.1,0.1,0.1,0.1,0.1,0.9,0.5,0.1,0.1,0.1,0.1,0.9,0.9,0.633,0.633,0.817
0.26,0.1,0.1,0.1,0.1,0.1,0.1,0.1,0.1,0.1,0.1,0.1,0.1,0.1,0.1,0.1,0.1,0.1,0.1,0.1,0.1,0.1,0.1,0.1,0.1,0.1,0.1,0.1,0.1,0.1,0.5,0.4,0.329,0.5,0.633,0.5,0.1,0.5,0.367,0.3,0.9,0.42,0,0,0.1,0.1,0.5,0.9,0.633,0.9,0.3,0.1,0.1,0.1,0.1,0.1,0.1,0.1,0.1,0.1,0.788
0.58,0.233,0.1,0.1,0.1,0.5,0.1,0.5,0.9,0.1,0.1,0.1,0.1,0.1,0.1,0.1,0.1,0.1,0.1,0.1,0.1,0.1,0.1,0.1,0.1,0.1,0.1,0.1,0.1,0.1,0.5,0.4,0.443,0.1,0.633,0.5,0.1,0.5,0.367,0.1,0.3,0.1,0,0,0.1,0.1,0.1,0.1,0.1,0.1,0.9,0.5,0.1,0.1,0.1,0.1,0.9,0.9,0.633,0.633,0.672
0.1,0.1,0.1,0.1,0.1,0.1,0.1,0.1,0.1,0.1,0.1,0.1,0.1,0.1,0.1,0.1,0.1,0.1,0.1,0.1,0.1,0.1,0.1,0.1,0.1,0.1,0.1,0.1,0.1,0.1,0.5,0.6,0.329,0.1,0.633,0.5,0.1,0.1,0.367,0.5,0.1,0.1,0,0,0.1,0.1,0.1,0.1,0.1,0.1,0.1,0.1,0.1,0.1,0.1,0.1,0.1,0.1,0.1,0.1,0.523
0.42,0.233,0.1,0.1,0.367,0.5,0.1,0.9,0.367,0.1,0.26,0.1,0.1,0.1,0.1,0.1,0.1,0.1,0.1,0.1,0.5,0.9,0.9,0.9,0.9,0.9,0.1,0.5,0.367,0.5,0.3,0.1,0.1,0.1,0.1,0.1,0.1,0.1,0.1,0.1,0.1,0.1,0,0,0.1,0.1,0.1,0.1,0.1,0.1,0.1,0.1,0.1,0.1,0.1,0.1,0.1,0.1,0.1,0.1,0.772
0.42,0.633,0.233,0.9,0.633,0.5,0.1,0.5,0.367,0.5,0.58,0.367,0.1,0.1,0.1,0.9,0.1,0.5,0.9,0.1,0.3,0.1,0.1,0.1,0.1,0.1,0.1,0.1,0.1,0.1,0.3,0.1,0.1,0.1,0.1,0.1,0.1,0.1,0.1,0.1,0.1,0.1,0,0,0.1,0.1,0.1,0.1,0.1,0.1,0.1,0.1,0.1,0.1,0.1,0.1,0.1,0.1,0.1,0.1,0.798
0.58,0.233,0.1,0.1,0.1,0.5,0.1,0.5,0.9,0.1,0.1,0.1,0.1,0.1,0.1,0.1,0.1,0.1,0.1,0.1,0.1,0.1,0.1,0.1,0.1,0.1,0.1,0.1,0.1,0.1,0.5,0.6,0.671,0.5,0.367,0.5,0.1,0.5,0.367,0.3,0.3,0.1,0,0,0.1,0.1,0.1,0.1,0.1,0.1,0.9,0.5,0.1,0.1,0.1,0.1,0.9,0.9,0.633,0.633,0.631
0.42,0.5,0.5,0.1,0.633,0.5,0.1,0.5,0.367,0.1,0.26,0.1,0.1,0.1,0.1,0.1,0.1,0.1,0.1,0.1,0.9,0.633,0.1,0.1,0.1,0.1,0.9,0.9,0.633,0.9,0.3,0.1,0.1,0.1,0.1,0.1,0.1,0.1,0.1,0.1,0.1,0.1,0,0,0.1,0.1,0.1,0.1,0.1,0.1,0.1,0.1,0.1,0.1,0.1,0.1,0.1,0.1,0.1,0.1,0.751
0.26,0.1,0.1,0.1,0.1,0.1,0.1,0.1,0.1,0.1,0.1,0.1,0.1,0.1,0.1,0.1,0.1,0.1,0.1,0.1,0.1,0.1,0.1,0.1,0.1,0.1,0.1,0.1,0.1,0.1,0.5,0.7,0.557,0.9,0.9,0.5,0.1,0.5,0.367,0.3,0.9,0.42,0,0,0.1,0.1,0.5,0.9,0.633,0.9,0.3,0.1,0.1,0.1,0.1,0.1,0.1,0.1,0.1,0.1,0.647
0.26,0.1,0.1,0.1,0.1,0.1,0.1,0.1,0.1,0.1,0.1,0.1,0.1,0.1,0.1,0.1,0.1,0.1,0.1,0.1,0.1,0.1,0.1,0.1,0.1,0.1,0.1,0.1,0.1,0.1,0.9,0.5,0.329,0.1,0.367,0.1,0.5,0.9,0.633,0.5,0.3,0.1,0,0,0.1,0.1,0.1,0.1,0.1,0.1,0.9,0.5,0.1,0.1,0.1,0.1,0.9,0.9,0.633,0.633,0.666
0.42,0.5,0.633,0.1,0.633,0.5,0.1,0.5,0.367,0.1,0.42,0.9,0.9,0.9,0.9,0.9,0.1,0.5,0.367,0.5,0.3,0.1,0.1,0.1,0.1,0.1,0.1,0.1,0.1,0.1,0.3,0.1,0.1,0.1,0.1,0.1,0.1,0.1,0.1,0.1,0.1,0.1,0,0,0.1,0.1,0.1,0.1,0.1,0.1,0.1,0.1,0.1,0.1,0.1,0.1,0.1,0.1,0.1,0.1,0.713
0.26,0.1,0.1,0.1,0.1,0.1,0.1,0.1,0.1,0.1,0.1,0.1,0.1,0.1,0.1,0.1,0.1,0.1,0.1,0.1,0.1,0.1,0.1,0.1,0.1,0.1,0.1,0.1,0.1,0.1,0.5,0.5,0.214,0.9,0.633,0.5,0.1,0.5,0.367,0.3,0.3,0.1,0,0,0.1,0.1,0.1,0.1,0.1,0.1,0.9,0.5,0.1,0.1,0.1,0.1,0.9,0.9,0.633,0.633,0.653
0.58,0.233,0.1,0.1,0.1,0.5,0.1,0.5,0.9,0.1,0.1,0.1,0.1,0.1,0.1,0.1,0.1,0.1,0.1,0.1,0.1,0.1,0.1,0.1,0.1,0.1,0.1,0.1,0.1,0.1,0.5,0.6,0.9,0.1,0.633,0.5,0.1,0.5,0.367,0.1,0.3,0.1,0,0,0.1,0.1,0.1,0.1,0.1,0.1,0.9,0.5,0.1,0.1,0.1,0.1,0.9,0.9,0.633,0.633,0.676
0.1,0.1,0.1,0.1,0.1,0.1,0.1,0.1,0.1,0.1,0.1,0.1,0.1,0.1,0.1,0.1,0.1,0.1,0.1,0.1,0.1,0.1,0.1,0.1,0.1,0.1,0.1,0.1,0.1,0.1,0.5,0.4,0.329,0.1,0.367,0.1,0.1,0.5,0.1,0.5,0.1,0.1,0,0,0.1,0.1,0.1,0.1,0.1,0.1,0.1,0.1,0.1,0.1,0.1,0.1,0.1,0.1,0.1,0.1,0.504
0.1,0.1,0.1,0.1,0.1,0.1,0.1,0.1,0.1,0.1,0.1,0.1,0.1,0.1,0.1,0.1,0.1,0.1,0.1,0.1,0.1,0.1,0.1,0.1,0.1,0.1,0.1,0.1,0.1,0.1,0.3,0.7,0.329,0.1,0.367,0.1,0.1,0.5,0.1,0.3,0.1,0.1,0,0,0.1,0.1,0.1,0.1,0.1,0.1,0.1,0.1,0.1,0.1,0.1,0.1,0.1,0.1,0.1,0.1,0.647
0.26,0.1,0.1,0.1,0.1,0.1,0.1,0.1,0.1,0.1,0.1,0.1,0.1,0.1,0.1,0.1,0.1,0.1,0.1,0.1,0.1,0.1,0.1,0.1,0.1,0.1,0.1,0.1,0.1,0.1,0.3,0.5,0.557,0.1,0.1,0.1,0.1,0.5,0.1,0.1,0.3,0.1,0,0,0.1,0.1,0.1,0.1,0.1,0.1,0.9,0.5,0.1,0.1,0.1,0.1,0.9,0.9,0.633,0.633,0.726
0.58,0.233,0.1,0.1,0.1,0.5,0.1,0.5,0.9,0.1,0.1,0.1,0.1,0.1,0.1,0.1,0.1,0.1,0.1,0.1,0.1,0.1,0.1,0.1,0.1,0.1,0.1,0.1,0.1,0.1,0.1,0.1,0.1,0.1,0.1,0.1,0.1,0.1,0.1,0.1,0.1,0.1,0,0,0.1,0.1,0.1,0.1,0.1,0.1,0.1,0.1,0.1,0.1,0.1,0.1,0.1,0.1,0.1,0.1,0.738
0.1,0.1,0.1,0.1,0.1,0.1,0.1,0.1,0.1,0.1,0.1,0.1,0.1,0.1,0.1,0.1,0.1,0.1,0.1,0.1,0.1,0.1,0.1,0.1,0.1,0.1,0.1,0.1,0.1,0.1,0.5,0.6,0.214,0.1,0.633,0.1,0.1,0.5,0.1,0.5,0.1,0.1,0,0,0.1,0.1,0.1,0.1,0.1,0.1,0.1,0.1,0.1,0.1,0.1,0.1,0.1,0.1,0.1,0.1,0.606
0.42,0.633,0.5,0.5,0.367,0.1,0.1,0.5,0.1,0.5,0.1,0.1,0.1,0.1,0.1,0.1,0.1,0.1,0.1,0.1,0.1,0.1,0.1,0.1,0.1,0.1,0.1,0.1,0.1,0.1,0.1,0.1,0.1,0.1,0.1,0.1,0.1,0.1,0.1,0.1,0.1,0.1,0,0,0.1,0.1,0.1,0.1,0.1,0.1,0.1,0.1,0.1,0.1,0.1,0.1,0.1,0.1,0.1,0.1,0.494
0.26,0.1,0.1,0.1,0.1,0.1,0.1,0.1,0.1,0.1,0.1,0.1,0.1,0.1,0.1,0.1,0.1,0.1,0.1,0.1,0.1,0.1,0.1,0.1,0.1,0.1,0.1,0.1,0.1,0.1,0.5,0.4,0.329,0.5,0.633,0.5,0.1,0.5,0.367,0.3,0.3,0.1,0,0,0.1,0.1,0.1,0.1,0.1,0.1,0.3,0.1,0.1,0.1,0.1,0.1,0.1,0.1,0.1,0.1,0.765
0.26,0.1,0.1,0.1,0.1,0.1,0.1,0.1,0.1,0.1,0.1,0.1,0.1,0.1,0.1,0.1,0.1,0.1,0.1,0.1,0.1,0.1,0.1,0.1,0.1,0.1,0.1,0.1,0.1,0.1,0.5,0.3,0.1,0.5,0.367,0.9,0.1,0.5,0.367,0.5,0.3,0.1,0,0,0.1,0.1,0.1,0.1,0.1,0.1,0.9,0.5,0.1,0.1,0.1,0.1,0.9,0.9,0.633,0.633,0.1
0.1,0.1,0.1,0.1,0.1,0.1,0.1,0.1,0.1,0.1,0.1,0.1,0.1,0.1,0.1,0.1,0.1,0.1,0.1,0.1,0.1,0.1,0.1,0.1,0.1,0.1,0.1,0.1,0.1,0.1,0.7,0.3,0.214,0.1,0.367,0.1,0.5,0.5,0.1,0.3,0.1,0.1,0,0,0.1,0.1,0.1,0.1,0.1,0.1,0.1,0.1,0.1,0.1,0.1,0.1,0.1,0.1,0.1,0.1,0.467
0.42,0.367,0.1,0.1,0.367,0.5,0.1,0.5,0.367,0.1,0.1,0.1,0.1,0.1,0.1,0.1,0.1,0.1,0.1,0.1,0.1,0.1,0.1,0.1,0.1,0.1,0.1,0.1,0.1,0.1,0.1,0.1,0.1,0.1,0.1,0.1,0.1,0.1,0.1,0.1,0.1,0.1,0,0,0.1,0.1,0.1,0.1,0.1,0.1,0.1,0.1,0.1,0.1,0.1,0.1,0.1,0.1,0.1,0.1,0.409
0.58,0.233,0.1,0.1,0.1,0.5,0.1,0.5,0.9,0.1,0.1,0.1,0.1,0.1,0.1,0.1,0.1,0.1,0.1,0.1,0.1,0.1,0.1,0.1,0.1,0.1,0.1,0.1,0.1,0.1,0.5,0.5,0.329,0.1,0.633,0.9,0.1,0.5,0.367,0.5,0.3,0.1,0,0,0.1,0.1,0.1,0.1,0.1,0.1,0.3,0.1,0.1,0.1,0.1,0.1,0.1,0.1,0.1,0.1,0.765
0.26,0.1,0.1,0.1,0.1,0.1,0.1,0.1,0.1,0.1,0.1,0.1,0.1,0.1,0.1,0.1,0.1,0.1,0.1,0.1,0.1,0.1,0.1,0.1,0.1,0.1,0.1,0.1,0.1,0.1,0.5,0.4,0.329,0.5,0.367,0.5,0.1,0.5,0.367,0.3,0.5,0.42,0,0,0.5,0.9,0.1,0.5,0.367,0.1,0.9,0.5,0.1,0.1,0.1,0.1,0.9,0.9,0.633,0.633,0.676
0.26,0.1,0.1,0.1,0.1,0.1,0.1,0.1,0.1,0.1,0.1,0.1,0.1,0.1,0.1,0.1,0.1,0.1,0.1,0.1,0.1,0.1,0.1,0.1,0.1,0.1,0.1,0.1,0.1,0.1,0.5,0.4,0.329,0.5,0.367,0.5,0.1,0.5,0.367,0.3,0.3,0.1,0,0,0.1,0.1,0.1,0.1,0.1,0.1,0.9,0.5,0.1,0.1,0.1,0.1,0.9,0.9,0.633,0.633,0.705
0.42,0.5,0.367,0.5,0.633,0.5,0.1,0.5,0.367,0.5,0.26,0.1,0.1,0.1,0.1,0.1,0.1,0.1,0.1,0.1,0.3,0.1,0.1,0.1,0.1,0.1,0.1,0.1,0.1,0.1,0.3,0.1,0.1,0.1,0.1,0.1,0.1,0.1,0.1,0.1,0.1,0.1,0,0,0.1,0.1,0.1,0.1,0.1,0.1,0.1,0.1,0.1,0.1,0.1,0.1,0.1,0.1,0.1,0.1,0.55
0.26,0.1,0.1,0.1,0.1,0.1,0.1,0.1,0.1,0.1,0.1,0.1,0.1,0.1,0.1,0.1,0.1,0.1,0.1,0.1,0.1,0.1,0.1,0.1,0.1,0.1,0.1,0.1,0.1,0.1,0.9,0.5,0.329,0.1,0.367,0.1,0.5,0.9,0.633,0.5,0.9,0.42,0,0,0.1,0.1,0.5,0.9,0.633,0.9,0.3,0.1,0.1,0.1,0.1,0.1,0.1,0.1,0.1,0.1,0.713
0.26,0.1,0.1,0.1,0.1,0.1,0.1,0.1,0.1,0.1,0.1,0.1,0.1,0.1,0.1,0.1,0.1,0.1,0.1,0.1,0.1,0.1,0.1,0.1,0.1,0.1,0.1,0.1,0.1,0.1,0.5,0.4,0.329,0.5,0.367,0.5,0.1,0.9,0.367,0.3,0.3,0.1,0,0,0.1,0.1,0.1,0.1,0.1,0.1,0.9,0.5,0.1,0.1,0.1,0.1,0.9,0.9,0.633,0.633,0.689
0.58,0.233,0.1,0.1,0.1,0.5,0.1,0.5,0.9,0.1,0.1,0.1,0.1,0.1,0.1,0.1,0.1,0.1,0.1,0.1,0.1,0.1,0.1,0.1,0.1,0.1,0.1,0.1,0.1,0.1,0.5,0.5,0.329,0.5,0.633,0.5,0.1,0.5,0.367,0.5,0.3,0.1,0,0,0.1,0.1,0.1,0.1,0.1,0.1,0.9,0.5,0.1,0.1,0.1,0.1,0.9,0.9,0.633,0.633,0.608
0.42,0.5,0.633,0.1,0.633,0.5,0.1,0.5,0.367,0.1,0.26,0.1,0.1,0.1,0.1,0.1,0.1,0.1,0.1,0.1,0.9,0.633,0.1,0.1,0.1,0.1,0.9,0.9,0.633,0.9,0.7,0.2,0.1,0.1,0.1,0.5,0.1,0.5,0.9,0.1,0.1,0.1,0,0,0.1,0.1,0.1,0.1,0.1,0.1,0.1,0.1,0.1,0.1,0.1,0.1,0.1,0.1,0.1,0.1,0.687
0.58,0.233,0.1,0.1,0.1,0.5,0.1,0.5,0.9,0.1,0.1,0.1,0.1,0.1,0.1,0.1,0.1,0.1,0.1,0.1,0.1,0.1,0.1,0.1,0.1,0.1,0.1,0.1,0.1,0.1,0.5,0.5,0.786,0.1,0.9,0.5,0.1,0.5,0.367,0.1,0.3,0.1,0,0,0.1,0.1,0.1,0.1,0.1,0.1,0.9,0.5,0.1,0.1,0.1,0.1,0.9,0.9,0.633,0.633,0.61
0.42,0.367,0.367,0.1,0.367,0.1,0.1,0.5,0.1,0.1,0.42,0.9,0.9,0.9,0.9,0.9,0.1,0.5,0.367,0.5,0.3,0.1,0.1,0.1,0.1,0.1,0.1,0.1,0.1,0.1,0.3,0.1,0.1,0.1,0.1,0.1,0.1,0.1,0.1,0.1,0.1,0.1,0,0,0.1,0.1,0.1,0.1,0.1,0.1,0.1,0.1,0.1,0.1,0.1,0.1,0.1,0.1,0.1,0.1,0.564
0.26,0.1,0.1,0.1,0.1,0.1,0.1,0.1,0.1,0.1,0.1,0.1,0.1,0.1,0.1,0.1,0.1,0.1,0.1,0.1,0.1,0.1,0.1,0.1,0.1,0.1,0.1,0.1,0.1,0.1,0.3,0.3,0.329,0.1,0.1,0.1,0.1,0.5,0.1,0.1,0.3,0.1,0,0,0.1,0.1,0.1,0.1,0.1,0.1,0.9,0.5,0.1,0.1,0.1,0.1,0.9,0.9,0.633,0.633,0.666
0.26,0.1,0.1,0.1,0.1,0.1,0.1,0.1,0.1,0.1,0.1,0.1,0.1,0.1,0.1,0.1,0.1,0.1,0.1,0.1,0.1,0.1,0.1,0.1,0.1,0.1,0.1,0.1,0.1,0.1,0.5,0.5,0.214,0.9,0.633,0.5,0.1,0.5,0.367,0.3,0.3,0.26,0,0,0.1,0.1,0.1,0.5,0.1,0.1,0.9,0.5,0.1,0.1,0.1,0.1,0.9,0.9,0.633,0.633,0.73
0.26,0.233,0.1,0.1,0.1,0.1,0.1,0.5,0.1,0.1,0.26,0.1,0.1,0.1,0.1,0.1,0.1,0.1,0.1,0.1,0.3,0.1,0.1,0.1,0.1,0.1,0.1,0.1,0.1,0.1,0.3,0.1,0.1,0.1,0.1,0.1,0.1,0.1,0.1,0.1,0.1,0.1,0,0,0.1,0.1,0.1,0.1,0.1,0.1,0.1,0.1,0.1,0.1,0.1,0.1,0.1,0.1,0.1,0.1,0.788
0.26,0.1,0.1,0.1,0.1,0.1,0.1,0.1,0.1,0.1,0.1,0.1,0.1,0.1,0.1,0.1,0.1,0.1,0.1,0.1,0.1,0.1,0.1,0.1,0.1,0.1,0.1,0.1,0.1,0.1,0.5,0.4,0.1,0.5,0.367,0.5,0.1,0.5,0.367,0.3,0.3,0.1,0,0,0.1,0.1,0.1,0.1,0.1,0.1,0.9,0.5,0.1,0.1,0.1,0.1,0.9,0.9,0.633,0.633,0.206
0.42,0.633,0.767,0.1,0.633,0.5,0.1,0.5,0.367,0.1,0.26,0.1,0.1,0.1,0.1,0.1,0.1,0.1,0.1,0.1,0.9,0.633,0.1,0.1,0.1,0.1,0.9,0.9,0.633,0.9,0.3,0.1,0.1,0.1,0.1,0.1,0.1,0.1,0.1,0.1,0.1,0.1,0,0,0.1,0.1,0.1,0.1,0.1,0.1,0.1,0.1,0.1,0.1,0.1,0.1,0.1,0.1,0.1,0.1,0.682
0.42,0.767,0.367,0.1,0.367,0.1,0.1,0.5,0.1,0.9,0.26,0.1,0.1,0.1,0.1,0.1,0.1,0.1,0.1,0.1,0.3,0.1,0.1,0.1,0.1,0.1,0.1,0.1,0.1,0.1,0.3,0.1,0.1,0.1,0.1,0.1,0.1,0.1,0.1,0.1,0.1,0.1,0,0,0.1,0.1,0.1,0.1,0.1,0.1,0.1,0.1,0.1,0.1,0.1,0.1,0.1,0.1,0.1,0.1,0.523
0.58,0.233,0.1,0.1,0.1,0.5,0.1,0.5,0.9,0.1,0.1,0.1,0.1,0.1,0.1,0.1,0.1,0.1,0.1,0.1,0.1,0.1,0.1,0.1,0.1,0.1,0.1,0.1,0.1,0.1,0.5,0.5,0.671,0.1,0.633,0.5,0.1,0.5,0.367,0.1,0.3,0.1,0,0,0.1,0.1,0.1,0.1,0.1,0.1,0.9,0.5,0.1,0.1,0.1,0.1,0.9,0.9,0.633,0.633,0.699
0.1,0.1,0.1,0.1,0.1,0.1,0.1,0.1,0.1,0.1,0.1,0.1,0.1,0.1,0.1,0.1,0.1,0.1,0.1,0.1,0.1,0.1,0.1,0.1,0.1,0.1,0.1,0.1,0.1,0.1,0.5,0.6,0.443,0.1,0.367,0.1,0.1,0.5,0.1,0.5,0.1,0.1,0,0,0.1,0.1,0.1,0.1,0.1,0.1,0.1,0.1,0.1,0.1,0.1,0.1,0.1,0.1,0.1,0.1,0.653
0.58,0.233,0.1,0.1,0.1,0.5,0.1,0.5,0.9,0.1,0.1,0.1,0.1,0.1,0.1,0.1,0.1,0.1,0.1,0.1,0.1,0.1,0.1,0.1,0.1,0.1,0.1,0.1,0.1,0.1,0.5,0.6,0.786,0.1,0.633,0.5,0.1,0.5,0.367,0.1,0.3,0.1,0,0,0.1,0.1,0.1,0.1,0.1,0.1,0.9,0.5,0.1,0.1,0.1,0.1,0.9,0.9,0.633,0.633,0.699
0.58,0.233,0.1,0.1,0.1,0.5,0.1,0.5,0.9,0.1,0.1,0.1,0.1,0.1,0.1,0.1,0.1,0.1,0.1,0.1,0.1,0.1,0.1,0.1,0.1,0.1,0.1,0.1,0.1,0.1,0.5,0.7,0.557,0.9,0.9,0.5,0.1,0.5,0.367,0.3,0.3,0.1,0,0,0.1,0.1,0.1,0.1,0.1,0.1,0.9,0.5,0.1,0.1,0.1,0.1,0.9,0.9,0.633,0.633,0.722
0.26,0.633,0.633,0.1,0.1,0.1,0.1,0.5,0.1,0.1,0.26,0.1,0.1,0.1,0.1,0.1,0.1,0.1,0.1,0.1,0.9,0.633,0.1,0.1,0.1,0.1,0.9,0.9,0.633,0.9,0.3,0.1,0.1,0.1,0.1,0.1,0.1,0.1,0.1,0.1,0.1,0.1,0,0,0.1,0.1,0.1,0.1,0.1,0.1,0.1,0.1,0.1,0.1,0.1,0.1,0.1,0.1,0.1,0.1,0.809
0.42,0.633,0.233,0.9,0.633,0.5,0.1,0.5,0.367,0.5,0.74,0.367,0.1,0.1,0.9,0.1,0.9,0.9,0.1,0.1,0.3,0.1,0.1,0.1,0.1,0.1,0.1,0.1,0.1,0.1,0.3,0.1,0.1,0.1,0.1,0.1,0.1,0.1,0.1,0.1,0.1,0.1,0,0,0.1,0.1,0.1,0.1,0.1,0.1,0.1,0.1,0.1,0.1,0.1,0.1,0.1,0.1,0.1,0.1,0.827
0.42,0.5,0.233,0.5,0.367,0.5,0.1,0.5,0.367,0.5,0.26,0.1,0.1,0.1,0.1,0.1,0.1,0.1,0.1,0.1,0.9,0.633,0.1,0.1,0.1,0.1,0.9,0.9,0.633,0.9,0.3,0.1,0.1,0.1,0.1,0.1,0.1,0.1,0.1,0.1,0.1,0.1,0,0,0.1,0.1,0.1,0.1,0.1,0.1,0.1,0.1,0.1,0.1,0.1,0.1,0.1,0.1,0.1,0.1,0.651
0.58,0.233,0.1,0.1,0.1,0.5,0.1,0.5,0.9,0.1,0.1,0.1,0.1,0.1,0.1,0.1,0.1,0.1,0.1,0.1,0.1,0.1,0.1,0.1,0.1,0.1,0.1,0.1,0.1,0.1,0.5,0.5,0.214,0.9,0.633,0.5,0.1,0.5,0.367,0.3,0.3,0.26,0,0,0.1,0.1,0.1,0.5,0.1,0.1,0.9,0.5,0.1,0.1,0.1,0.1,0.9,0.9,0.633,0.633,0.747
0.26,0.367,0.367,0.1,0.1,0.1,0.1,0.5,0.1,0.1,0.26,0.1,0.1,0.1,0.1,0.1,0.1,0.1,0.1,0.1,0.3,0.1,0.1,0.1,0.1,0.1,0.1,0.1,0.1,0.1,0.3,0.1,0.1,0.1,0.1,0.1,0.1,0.1,0.1,0.1,0.1,0.1,0,0,0.1,0.1,0.1,0.1,0.1,0.1,0.1,0.1,0.1,0.1,0.1,0.1,0.1,0.1,0.1,0.1,0.827
0.58,0.233,0.1,0.1,0.1,0.5,0.1,0.5,0.9,0.1,0.1,0.1,0.1,0.1,0.1,0.1,0.1,0.1,0.1,0.1,0.1,0.1,0.1,0.1,0.1,0.1,0.1,0.1,0.1,0.1,0.5,0.3,0.329,0.1,0.367,0.1,0.1,0.5,0.1,0.1,0.7,0.74,0,0,0.5,0.1,0.5,0.5,0.1,0.9,0.3,0.1,0.1,0.1,0.1,0.1,0.1,0.1,0.1,0.1,0.757
0.42,0.9,0.233,0.1,0.633,0.5,0.1,0.1,0.367,0.5,0.1,0.1,0.1,0.1,0.1,0.1,0.1,0.1,0.1,0.1,0.1,0.1,0.1,0.1,0.1,0.1,0.1,0.1,0.1,0.1,0.1,0.1,0.1,0.1,0.1,0.1,0.1,0.1,0.1,0.1,0.1,0.1,0,0,0.1,0.1,0.1,0.1,0.1,0.1,0.1,0.1,0.1,0.1,0.1,0.1,0.1,0.1,0.1,0.1,0.515
0.26,0.367,0.367,0.1,0.1,0.1,0.1,0.5,0.1,0.1,0.26,0.1,0.1,0.1,0.1,0.1,0.1,0.1,0.1,0.1,0.5,0.9,0.9,0.9,0.9,0.9,0.1,0.5,0.367,0.5,0.3,0.1,0.1,0.1,0.1,0.1,0.1,0.1,0.1,0.1,0.1,0.1,0,0,0.1,0.1,0.1,0.1,0.1,0.1,0.1,0.1,0.1,0.1,0.1,0.1,0.1,0.1,0.1,0.1,0.842
0.1,0.1,0.1,0.1,0.1,0.1,0.1,0.1,0.1,0.1,0.1,0.1,0.1,0.1,0.1,0.1,0.1,0.1,0.1,0.1,0.1,0.1,0.1,0.1,0.1,0.1,0.1,0.1,0.1,0.1,0.3,0.4,0.443,0.1,0.367,0.1,0.1,0.5,0.1,0.3,0.1,0.1,0,0,0.1,0.1,0.1,0.1,0.1,0.1,0.1,0.1,0.1,0.1,0.1,0.1,0.1,0.1,0.1,0.1,0.772
0.58,0.233,0.1,0.1,0.1,0.5,0.1,0.5,0.9,0.1,0.1,0.1,0.1,0.1,0.1,0.1,0.1,0.1,0.1,0.1,0.1,0.1,0.1,0.1,0.1,0.1,0.1,0.1,0.1,0.1,0.3,0.3,0.329,0.1,0.1,0.1,0.1,0.5,0.1,0.1,0.9,0.42,0,0,0.1,0.1,0.5,0.9,0.633,0.9,0.7,0.3,0.1,0.1,0.1,0.9,0.1,0.5,0.9,0.1,0.844
0.26,0.1,0.1,0.1,0.1,0.1,0.1,0.1,0.1,0.1,0.1,0.1,0.1,0.1,0.1,0.1,0.1,0.1,0.1,0.1,0.1,0.1,0.1,0.1,0.1,0.1,0.1,0.1,0.1,0.1,0.5,0.5,0.329,0.1,0.633,0.9,0.1,0.5,0.367,0.5,0.3,0.1,0,0,0.1,0.1,0.1,0.1,0.1,0.1,0.3,0.1,0.1,0.1,0.1,0.1,0.1,0.1,0.1,0.1,0.409
0.26,0.633,0.633,0.1,0.1,0.1,0.1,0.5,0.1,0.1,0.26,0.1,0.1,0.1,0.1,0.1,0.1,0.1,0.1,0.1,0.9,0.633,0.1,0.1,0.1,0.1,0.9,0.9,0.633,0.9,0.7,0.2,0.1,0.1,0.1,0.5,0.1,0.5,0.9,0.1,0.1,0.1,0,0,0.1,0.1,0.1,0.1,0.1,0.1,0.1,0.1,0.1,0.1,0.1,0.1,0.1,0.1,0.1,0.1,0.533
0.58,0.233,0.1,0.1,0.1,0.5,0.1,0.5,0.9,0.1,0.1,0.1,0.1,0.1,0.1,0.1,0.1,0.1,0.1,0.1,0.1,0.1,0.1,0.1,0.1,0.1,0.1,0.1,0.1,0.1,0.5,0.4,0.329,0.5,0.633,0.5,0.1,0.5,0.367,0.3,0.3,0.1,0,0,0.1,0.1,0.1,0.1,0.1,0.1,0.9,0.5,0.1,0.1,0.1,0.1,0.9,0.9,0.633,0.633,0.67
0.42,0.767,0.5,0.5,0.633,0.1,0.1,0.5,0.1,0.9,0.1,0.1,0.1,0.1,0.1,0.1,0.1,0.1,0.1,0.1,0.1,0.1,0.1,0.1,0.1,0.1,0.1,0.1,0.1,0.1,0.1,0.1,0.1,0.1,0.1,0.1,0.1,0.1,0.1,0.1,0.1,0.1,0,0,0.1,0.1,0.1,0.1,0.1,0.1,0.1,0.1,0.1,0.1,0.1,0.1,0.1,0.1,0.1,0.1,0.396
0.74,0.367,0.1,0.1,0.1,0.1,0.5,0.9,0.633,0.9,0.1,0.1,0.1,0.1,0.1,0.1,0.1,0.1,0.1,0.1,0.1,0.1,0.1,0.1,0.1,0.1,0.1,0.1,0.1,0.1,0.1,0.1,0.1,0.1,0.1,0.1,0.1,0.1,0.1,0.1,0.1,0.1,0,0,0.1,0.1,0.1,0.1,0.1,0.1,0.1,0.1,0.1,0.1,0.1,0.1,0.1,0.1,0.1,0.1,0.637
0.58,0.233,0.1,0.1,0.1,0.5,0.1,0.5,0.9,0.1,0.1,0.1,0.1,0.1,0.1,0.1,0.1,0.1,0.1,0.1,0.1,0.1,0.1,0.1,0.1,0.1,0.1,0.1,0.1,0.1,0.5,0.4,0.329,0.5,0.367,0.5,0.1,0.9,0.367,0.3,0.9,0.42,0,0,0.1,0.1,0.5,0.9,0.633,0.9,0.3,0.1,0.1,0.1,0.1,0.1,0.1,0.1,0.1,0.1,0.718
0.58,0.233,0.1,0.1,0.1,0.5,0.1,0.5,0.9,0.1,0.1,0.1,0.1,0.1,0.1,0.1,0.1,0.1,0.1,0.1,0.1,0.1,0.1,0.1,0.1,0.1,0.1,0.1,0.1,0.1,0.3,0.3,0.329,0.1,0.1,0.1,0.1,0.5,0.1,0.1,0.3,0.1,0,0,0.1,0.1,0.1,0.1,0.1,0.1,0.9,0.5,0.1,0.1,0.1,0.1,0.9,0.9,0.633,0.633,0.757
0.26,0.1,0.1,0.1,0.1,0.1,0.1,0.1,0.1,0.1,0.1,0.1,0.1,0.1,0.1,0.1,0.1,0.1,0.1,0.1,0.1,0.1,0.1,0.1,0.1,0.1,0.1,0.1,0.1,0.1,0.3,0.1,0.1,0.1,0.1,0.1,0.1,0.1,0.1,0.1,0.3,0.1,0,0,0.1,0.1,0.1,0.1,0.1,0.1,0.3,0.1,0.1,0.1,0.1,0.1,0.1,0.1,0.1,0.1,0.104
0.26,0.9,0.9,0.1,0.367,0.1,0.1,0.5,0.1,0.1,0.26,0.1,0.1,0.1,0.1,0.1,0.1,0.1,0.1,0.1,0.3,0.1,0.1,0.1,0.1,0.1,0.1,0.1,0.1,0.1,0.3,0.1,0.1,0.1,0.1,0.1,0.1,0.1,0.1,0.1,0.1,0.1,0,0,0.1,0.1,0.1,0.1,0.1,0.1,0.1,0.1,0.1,0.1,0.1,0.1,0.1,0.1,0.1,0.1,0.45
0.58,0.233,0.1,0.1,0.1,0.5,0.1,0.5,0.9,0.1,0.1,0.1,0.1,0.1,0.1,0.1,0.1,0.1,0.1,0.1,0.1,0.1,0.1,0.1,0.1,0.1,0.1,0.1,0.1,0.1,0.5,0.5,0.214,0.1,0.633,0.5,0.1,0.1,0.367,0.3,0.1,0.1,0,0,0.1,0.1,0.1,0.1,0.1,0.1,0.1,0.1,0.1,0.1,0.1,0.1,0.1,0.1,0.1,0.1,0.614
0.9,0.367,0.1,0.1,0.1,0.1,0.9,0.1,0.9,0.5,0.1,0.1,0.1,0.1,0.1,0.1,0.1,0.1,0.1,0.1,0.1,0.1,0.1,0.1,0.1,0.1,0.1,0.1,0.1,0.1,0.1,0.1,0.1,0.1,0.1,0.1,0.1,0.1,0.1,0.1,0.1,0.1,0,0,0.1,0.1,0.1,0.1,0.1,0.1,0.1,0.1,0.1,0.1,0.1,0.1,0.1,0.1,0.1,0.1,0.595
0.26,0.1,0.1,0.1,0.1,0.1,0.1,0.1,0.1,0.1,0.1,0.1,0.1,0.1,0.1,0.1,0.1,0.1,0.1,0.1,0.1,0.1,0.1,0.1,0.1,0.1,0.1,0.1,0.1,0.1,0.3,0.5,0.786,0.1,0.1,0.1,0.1,0.5,0.1,0.1,0.3,0.1,0,0,0.1,0.1,0.1,0.1,0.1,0.1,0.9,0.5,0.1,0.1,0.1,0.1,0.9,0.9,0.633,0.633,0.606
0.26,0.633,0.633,0.1,0.1,0.1,0.1,0.5,0.1,0.1,0.26,0.1,0.1,0.1,0.1,0.1,0.1,0.1,0.1,0.1,0.5,0.9,0.9,0.9,0.9,0.9,0.1,0.5,0.367,0.5,0.3,0.1,0.1,0.1,0.1,0.1,0.1,0.1,0.1,0.1,0.1,0.1,0,0,0.1,0.1,0.1,0.1,0.1,0.1,0.1,0.1,0.1,0.1,0.1,0.1,0.1,0.1,0.1,0.1,0.867
0.26,0.1,0.1,0.1,0.1,0.1,0.1,0.1,0.1,0.1,0.1,0.1,0.1,0.1,0.1,0.1,0.1,0.1,0.1,0.1,0.1,0.1,0.1,0.1,0.1,0.1,0.1,0.1,0.1,0.1,0.3,0.2,0.1,0.1,0.1,0.1,0.1,0.5,0.1,0.1,0.3,0.1,0,0,0.1,0.1,0.1,0.1,0.1,0.1,0.3,0.1,0.1,0.1,0.1,0.1,0.1,0.1,0.1,0.1,0.798
0.42,0.5,0.367,0.5,0.633,0.5,0.1,0.5,0.367,0.5,0.26,0.1,0.1,0.1,0.1,0.1,0.1,0.1,0.1,0.1,0.9,0.633,0.1,0.1,0.1,0.1,0.9,0.9,0.633,0.9,0.3,0.1,0.1,0.1,0.1,0.1,0.1,0.1,0.1,0.1,0.1,0.1,0,0,0.1,0.1,0.1,0.1,0.1,0.1,0.1,0.1,0.1,0.1,0.1,0.1,0.1,0.1,0.1,0.1,0.564
0.42,0.5,0.233,0.5,0.367,0.5,0.1,0.5,0.367,0.5,0.1,0.1,0.1,0.1,0.1,0.1,0.1,0.1,0.1,0.1,0.1,0.1,0.1,0.1,0.1,0.1,0.1,0.1,0.1,0.1,0.3,0.5,0.557,0.1,0.367,0.1,0.1,0.5,0.1,0.1,0.3,0.1,0,0,0.1,0.1,0.1,0.1,0.1,0.1,0.3,0.1,0.1,0.1,0.1,0.1,0.1,0.1,0.1,0.1,0.396
0.58,0.233,0.1,0.1,0.1,0.5,0.1,0.5,0.9,0.1,0.1,0.1,0.1,0.1,0.1,0.1,0.1,0.1,0.1,0.1,0.1,0.1,0.1,0.1,0.1,0.1,0.1,0.1,0.1,0.1,0.5,0.7,0.329,0.1,0.367,0.5,0.1,0.5,0.367,0.3,0.3,0.1,0,0,0.1,0.1,0.1,0.1,0.1,0.1,0.9,0.5,0.1,0.1,0.1,0.1,0.9,0.9,0.633,0.633,0.45
0.58,0.233,0.1,0.1,0.1,0.5,0.1,0.5,0.9,0.1,0.1,0.1,0.1,0.1,0.1,0.1,0.1,0.1,0.1,0.1,0.1,0.1,0.1,0.1,0.1,0.1,0.1,0.1,0.1,0.1,0.5,0.6,0.443,0.5,0.9,0.5,0.1,0.5,0.367,0.3,0.3,0.26,0,0,0.1,0.1,0.1,0.5,0.1,0.1,0.9,0.5,0.1,0.1,0.1,0.1,0.9,0.9,0.633,0.633,0.751
0.42,0.367,0.1,0.5,0.367,0.9,0.1,0.5,0.367,0.9,0.74,0.633,0.1,0.1,0.1,0.1,0.5,0.9,0.633,0.9,0.3,0.1,0.1,0.1,0.1,0.1,0.1,0.1,0.1,0.1,0.3,0.1,0.1,0.1,0.1,0.1,0.1,0.1,0.1,0.1,0.1,0.1,0,0,0.1,0.1,0.1,0.1,0.1,0.1,0.1,0.1,0.1,0.1,0.1,0.1,0.1,0.1,0.1,0.1,0.498
0.26,0.1,0.1,0.1,0.1,0.1,0.1,0.1,0.1,0.1,0.1,0.1,0.1,0.1,0.1,0.1,0.1,0.1,0.1,0.1,0.1,0.1,0.1,0.1,0.1,0.1,0.1,0.1,0.1,0.1,0.5,0.9,0.214,0.5,0.367,0.5,0.1,0.5,0.367,0.3,0.3,0.1,0,0,0.1,0.1,0.1,0.1,0.1,0.1,0.9,0.5,0.1,0.1,0.1,0.1,0.9,0.9,0.633,0.633,0.423
0.42,0.633,0.233,0.9,0.633,0.5,0.1,0.5,0.367,0.5,0.42,0.633,0.1,0.1,0.9,0.9,0.1,0.5,0.367,0.1,0.3,0.1,0.1,0.1,0.1,0.1,0.1,0.1,0.1,0.1,0.3,0.1,0.1,0.1,0.1,0.1,0.1,0.1,0.1,0.1,0.1,0.1,0,0,0.1,0.1,0.1,0.1,0.1,0.1,0.1,0.1,0.1,0.1,0.1,0.1,0.1,0.1,0.1,0.1,0.792
0.58,0.233,0.1,0.1,0.1,0.5,0.1,0.5,0.9,0.1,0.1,0.1,0.1,0.1,0.1,0.1,0.1,0.1,0.1,0.1,0.1,0.1,0.1,0.1,0.1,0.1,0.1,0.1,0.1,0.1,0.5,0.6,0.214,0.1,0.633,0.5,0.1,0.1,0.367,0.5,0.1,0.1,0,0,0.1,0.1,0.1,0.1,0.1,0.1,0.1,0.1,0.1,0.1,0.1,0.1,0.1,0.1,0.1,0.1,0.641
0.42,0.5,0.5,0.1,0.633,0.5,0.1,0.5,0.367,0.1,0.26,0.1,0.1,0.1,0.1,0.1,0.1,0.1,0.1,0.1,0.9,0.633,0.1,0.1,0.1,0.1,0.9,0.9,0.633,0.9,0.7,0.2,0.1,0.1,0.1,0.5,0.1,0.5,0.9,0.1,0.1,0.1,0,0,0.1,0.1,0.1,0.1,0.1,0.1,0.1,0.1,0.1,0.1,0.1,0.1,0.1,0.1,0.1,0.1,0.637
0.42,0.5,0.5,0.1,0.633,0.5,0.1,0.5,0.367,0.1,0.26,0.1,0.1,0.1,0.1,0.1,0.1,0.1,0.1,0.1,0.5,0.9,0.9,0.9,0.9,0.9,0.1,0.5,0.367,0.5,0.3,0.1,0.1,0.1,0.1,0.1,0.1,0.1,0.1,0.1,0.1,0.1,0,0,0.1,0.1,0.1,0.1,0.1,0.1,0.1,0.1,0.1,0.1,0.1,0.1,0.1,0.1,0.1,0.1,0.815
0.58,0.233,0.1,0.1,0.1,0.5,0.1,0.5,0.9,0.1,0.1,0.1,0.1,0.1,0.1,0.1,0.1,0.1,0.1,0.1,0.1,0.1,0.1,0.1,0.1,0.1,0.1,0.1,0.1,0.1,0.5,0.3,0.329,0.1,0.367,0.1,0.1,0.5,0.1,0.1,0.3,0.1,0,0,0.1,0.1,0.1,0.1,0.1,0.1,0.9,0.9,0.1,0.1,0.9,0.1,0.9,0.9,0.633,0.9,0.68
0.26,0.633,0.633,0.1,0.1,0.1,0.1,0.5,0.1,0.1,0.42,0.9,0.9,0.9,0.9,0.9,0.1,0.5,0.367,0.5,0.3,0.1,0.1,0.1,0.1,0.1,0.1,0.1,0.1,0.1,0.3,0.1,0.1,0.1,0.1,0.1,0.1,0.1,0.1,0.1,0.1,0.1,0,0,0.1,0.1,0.1,0.1,0.1,0.1,0.1,0.1,0.1,0.1,0.1,0.1,0.1,0.1,0.1,0.1,0.873
0.26,0.633,0.633,0.1,0.1,0.1,0.1,0.5,0.1,0.1,0.26,0.1,0.1,0.1,0.1,0.1,0.1,0.1,0.1,0.1,0.3,0.1,0.1,0.1,0.1,0.1,0.1,0.1,0.1,0.1,0.3,0.1,0.1,0.1,0.1,0.1,0.1,0.1,0.1,0.1,0.1,0.1,0,0,0.1,0.1,0.1,0.1,0.1,0.1,0.1,0.1,0.1,0.1,0.1,0.1,0.1,0.1,0.1,0.1,0.861
0.26,0.1,0.1,0.1,0.1,0.1,0.1,0.1,0.1,0.1,0.1,0.1,0.1,0.1,0.1,0.1,0.1,0.1,0.1,0.1,0.1,0.1,0.1,0.1,0.1,0.1,0.1,0.1,0.1,0.1,0.5,0.4,0.443,0.1,0.633,0.5,0.1,0.5,0.367,0.1,0.3,0.1,0,0,0.1,0.1,0.1,0.1,0.1,0.1,0.9,0.5,0.1,0.1,0.1,0.1,0.9,0.9,0.633,0.633,0.747
0.26,0.633,0.633,0.1,0.1,0.1,0.1,0.5,0.1,0.1,0.74,0.633,0.1,0.1,0.1,0.1,0.5,0.9,0.633,0.9,0.7,0.367,0.1,0.1,0.1,0.9,0.1,0.5,0.9,0.1,0.3,0.1,0.1,0.1,0.1,0.1,0.1,0.1,0.1,0.1,0.1,0.1,0,0,0.1,0.1,0.1,0.1,0.1,0.1,0.1,0.1,0.1,0.1,0.1,0.1,0.1,0.1,0.1,0.1,0.865
0.26,0.367,0.367,0.1,0.1,0.1,0.1,0.5,0.1,0.1,0.26,0.1,0.1,0.1,0.1,0.1,0.1,0.1,0.1,0.1,0.9,0.633,0.1,0.1,0.1,0.1,0.9,0.9,0.633,0.9,0.3,0.1,0.1,0.1,0.1,0.1,0.1,0.1,0.1,0.1,0.1,0.1,0,0,0.1,0.1,0.1,0.1,0.1,0.1,0.1,0.1,0.1,0.1,0.1,0.1,0.1,0.1,0.1,0.1,0.809
0.26,0.5,0.5,0.1,0.367,0.1,0.1,0.5,0.1,0.5,0.1,0.1,0.1,0.1,0.1,0.1,0.1,0.1,0.1,0.1,0.1,0.1,0.1,0.1,0.1,0.1,0.1,0.1,0.1,0.1,0.1,0.1,0.1,0.1,0.1,0.1,0.1,0.1,0.1,0.1,0.1,0.1,0,0,0.1,0.1,0.1,0.1,0.1,0.1,0.1,0.1,0.1,0.1,0.1,0.1,0.1,0.1,0.1,0.1,0.602
0.26,0.1,0.1,0.1,0.1,0.1,0.1,0.1,0.1,0.1,0.1,0.1,0.1,0.1,0.1,0.1,0.1,0.1,0.1,0.1,0.1,0.1,0.1,0.1,0.1,0.1,0.1,0.1,0.1,0.1,0.5,0.8,0.214,0.5,0.633,0.5,0.1,0.5,0.367,0.9,0.3,0.1,0,0,0.1,0.1,0.1,0.1,0.1,0.1,0.9,0.5,0.1,0.1,0.1,0.1,0.9,0.9,0.633,0.633,0.442
0.26,0.1,0.1,0.1,0.1,0.1,0.1,0.1,0.1,0.1,0.1,0.1,0.1,0.1,0.1,0.1,0.1,0.1,0.1,0.1,0.1,0.1,0.1,0.1,0.1,0.1,0.1,0.1,0.1,0.1,0.5,0.5,0.443,0.5,0.367,0.5,0.1,0.5,0.367,0.3,0.3,0.1,0,0,0.1,0.1,0.1,0.1,0.1,0.1,0.9,0.5,0.1,0.1,0.1,0.1,0.9,0.9,0.633,0.633,0.718
0.26,0.1,0.1,0.1,0.1,0.1,0.1,0.1,0.1,0.1,0.1,0.1,0.1,0.1,0.1,0.1,0.1,0.1,0.1,0.1,0.1,0.1,0.1,0.1,0.1,0.1,0.1,0.1,0.1,0.1,0.5,0.5,0.329,0.1,0.367,0.9,0.1,0.5,0.367,0.5,0.3,0.1,0,0,0.1,0.1,0.1,0.1,0.1,0.1,0.3,0.1,0.1,0.1,0.1,0.1,0.1,0.1,0.1,0.1,0.697
0.58,0.233,0.1,0.1,0.1,0.5,0.1,0.5,0.9,0.1,0.1,0.1,0.1,0.1,0.1,0.1,0.1,0.1,0.1,0.1,0.1,0.1,0.1,0.1,0.1,0.1,0.1,0.1,0.1,0.1,0.5,0.3,0.329,0.1,0.367,0.1,0.1,0.5,0.1,0.1,0.7,0.9,0,0,0.9,0.1,0.5,0.5,0.1,0.9,0.3,0.1,0.1,0.1,0.1,0.1,0.1,0.1,0.1,0.1,0.757
0.58,0.233,0.1,0.1,0.1,0.5,0.1,0.5,0.9,0.1,0.1,0.1,0.1,0.1,0.1,0.1,0.1,0.1,0.1,0.1,0.1,0.1,0.1,0.1,0.1,0.1,0.1,0.1,0.1,0.1,0.7,0.2,0.1,0.1,0.1,0.5,0.1,0.5,0.9,0.1,0.1,0.1,0,0,0.1,0.1,0.1,0.1,0.1,0.1,0.1,0.1,0.1,0.1,0.1,0.1,0.1,0.1,0.1,0.1,0.9
0.1,0.1,0.1,0.1,0.1,0.1,0.1,0.1,0.1,0.1,0.1,0.1,0.1,0.1,0.1,0.1,0.1,0.1,0.1,0.1,0.1,0.1,0.1,0.1,0.1,0.1,0.1,0.1,0.1,0.1,0.5,0.3,0.214,0.1,0.367,0.1,0.1,0.5,0.1,0.1,0.1,0.1,0,0,0.1,0.1,0.1,0.1,0.1,0.1,0.1,0.1,0.1,0.1,0.1,0.1,0.1,0.1,0.1,0.1,0.564
0.58,0.233,0.1,0.1,0.1,0.5,0.1,0.5,0.9,0.1,0.1,0.1,0.1,0.1,0.1,0.1,0.1,0.1,0.1,0.1,0.1,0.1,0.1,0.1,0.1,0.1,0.1,0.1,0.1,0.1,0.5,0.6,0.443,0.5,0.9,0.5,0.1,0.5,0.367,0.3,0.3,0.1,0,0,0.1,0.1,0.1,0.1,0.1,0.1,0.9,0.5,0.1,0.1,0.1,0.1,0.9,0.9,0.633,0.633,0.772
0.58,0.233,0.1,0.1,0.1,0.5,0.1,0.5,0.9,0.1,0.1,0.1,0.1,0.1,0.1,0.1,0.1,0.1,0.1,0.1,0.1,0.1,0.1,0.1,0.1,0.1,0.1,0.1,0.1,0.1,0.5,0.7,0.557,0.9,0.9,0.5,0.1,0.5,0.367,0.3,0.9,0.42,0,0,0.1,0.1,0.5,0.9,0.633,0.9,0.3,0.3,0.1,0.1,0.1,0.1,0.1,0.5,0.1,0.1,0.801
0.58,0.233,0.1,0.1,0.1,0.5,0.1,0.5,0.9,0.1,0.1,0.1,0.1,0.1,0.1,0.1,0.1,0.1,0.1,0.1,0.1,0.1,0.1,0.1,0.1,0.1,0.1,0.1,0.1,0.1,0.5,0.3,0.329,0.1,0.367,0.1,0.1,0.5,0.1,0.1,0.3,0.1,0,0,0.1,0.1,0.1,0.1,0.1,0.1,0.9,0.5,0.1,0.1,0.1,0.1,0.9,0.9,0.633,0.633,0.701
0.26,0.1,0.1,0.1,0.1,0.1,0.1,0.1,0.1,0.1,0.1,0.1,0.1,0.1,0.1,0.1,0.1,0.1,0.1,0.1,0.1,0.1,0.1,0.1,0.1,0.1,0.1,0.1,0.1,0.1,0.5,0.4,0.443,0.1,0.633,0.5,0.1,0.5,0.367,0.1,0.3,0.1,0,0,0.1,0.1,0.1,0.1,0.1,0.1,0.5,0.7,0.9,0.9,0.9,0.9,0.1,0.5,0.367,0.367,0.726
0.26,0.633,0.367,0.1,0.367,0.1,0.1,0.5,0.1,0.9,0.1,0.1,0.1,0.1,0.1,0.1,0.1,0.1,0.1,0.1,0.1,0.1,0.1,0.1,0.1,0.1,0.1,0.1,0.1,0.1,0.1,0.1,0.1,0.1,0.1,0.1,0.1,0.1,0.1,0.1,0.1,0.1,0,0,0.1,0.1,0.1,0.1,0.1,0.1,0.1,0.1,0.1,0.1,0.1,0.1,0.1,0.1,0.1,0.1,0.591
0.42,0.633,0.633,0.1,0.367,0.5,0.1,0.5,0.367,0.1,0.26,0.1,0.1,0.1,0.1,0.1,0.1,0.1,0.1,0.1,0.3,0.1,0.1,0.1,0.1,0.1,0.1,0.1,0.1,0.1,0.3,0.1,0.1,0.1,0.1,0.1,0.1,0.1,0.1,0.1,0.1,0.1,0,0,0.1,0.1,0.1,0.1,0.1,0.1,0.1,0.1,0.1,0.1,0.1,0.1,0.1,0.1,0.1,0.1,0.861
0.26,0.1,0.1,0.1,0.1,0.1,0.1,0.1,0.1,0.1,0.1,0.1,0.1,0.1,0.1,0.1,0.1,0.1,0.1,0.1,0.1,0.1,0.1,0.1,0.1,0.1,0.1,0.1,0.1,0.1,0.3,0.3,0.329,0.1,0.1,0.1,0.1,0.5,0.1,0.1,0.3,0.1,0,0,0.1,0.1,0.1,0.1,0.1,0.1,0.3,0.1,0.1,0.1,0.1,0.1,0.1,0.1,0.1,0.1,0.765
0.58,0.233,0.1,0.1,0.1,0.5,0.1,0.5,0.9,0.1,0.1,0.1,0.1,0.1,0.1,0.1,0.1,0.1,0.1,0.1,0.1,0.1,0.1,0.1,0.1,0.1,0.1,0.1,0.1,0.1,0.5,0.3,0.329,0.1,0.367,0.1,0.1,0.5,0.1,0.1,0.7,0.9,0,0,0.5,0.1,0.5,0.5,0.1,0.9,0.3,0.1,0.1,0.1,0.1,0.1,0.1,0.1,0.1,0.1,0.792
0.26,0.1,0.1,0.1,0.1,0.1,0.1,0.1,0.1,0.1,0.1,0.1,0.1,0.1,0.1,0.1,0.1,0.1,0.1,0.1,0.1,0.1,0.1,0.1,0.1,0.1,0.1,0.1,0.1,0.1,0.5,0.7,0.329,0.5,0.367,0.5,0.1,0.5,0.367,0.7,0.9,0.42,0,0,0.1,0.1,0.5,0.9,0.633,0.9,0.3,0.1,0.1,0.1,0.1,0.1,0.1,0.1,0.1,0.1,0.558
0.1,0.1,0.1,0.1,0.1,0.1,0.1,0.1,0.1,0.1,0.1,0.1,0.1,0.1,0.1,0.1,0.1,0.1,0.1,0.1,0.1,0.1,0.1,0.1,0.1,0.1,0.1,0.1,0.1,0.1,0.5,0.6,0.214,0.1,0.633,0.5,0.1,0.1,0.367,0.5,0.1,0.1,0,0,0.1,0.1,0.1,0.1,0.1,0.1,0.1,0.1,0.1,0.1,0.1,0.1,0.1,0.1,0.1,0.1,0.606
0.58,0.233,0.1,0.1,0.1,0.5,0.1,0.5,0.9,0.1,0.1,0.1,0.1,0.1,0.1,0.1,0.1,0.1,0.1,0.1,0.1,0.1,0.1,0.1,0.1,0.1,0.1,0.1,0.1,0.1,0.7,0.6,0.557,0.5,0.633,0.1,0.5,0.5,0.1,0.3,0.3,0.1,0,0,0.1,0.1,0.1,0.1,0.1,0.1,0.9,0.5,0.1,0.1,0.1,0.1,0.9,0.9,0.633,0.633,0.718
0.42,0.5,0.5,0.1,0.633,0.5,0.1,0.5,0.367,0.1,0.42,0.9,0.9,0.9,0.9,0.9,0.1,0.5,0.367,0.5,0.3,0.1,0.1,0.1,0.1,0.1,0.1,0.1,0.1,0.1,0.3,0.1,0.1,0.1,0.1,0.1,0.1,0.1,0.1,0.1,0.1,0.1,0,0,0.1,0.1,0.1,0.1,0.1,0.1,0.1,0.1,0.1,0.1,0.1,0.1,0.1,0.1,0.1,0.1,0.718
0.26,0.1,0.1,0.1,0.1,0.1,0.1,0.1,0.1,0.1,0.1,0.1,0.1,0.1,0.1,0.1,0.1,0.1,0.1,0.1,0.1,0.1,0.1,0.1,0.1,0.1,0.1,0.1,0.1,0.1,0.5,0.4,0.214,0.5,0.367,0.5,0.1,0.5,0.367,0.3,0.9,0.42,0,0,0.1,0.1,0.5,0.9,0.633,0.9,0.3,0.1,0.1,0.1,0.1,0.1,0.1,0.1,0.1,0.1,0.801
0.26,0.1,0.1,0.1,0.1,0.1,0.1,0.1,0.1,0.1,0.1,0.1,0.1,0.1,0.1,0.1,0.1,0.1,0.1,0.1,0.1,0.1,0.1,0.1,0.1,0.1,0.1,0.1,0.1,0.1,0.5,0.7,0.557,0.1,0.367,0.1,0.1,0.5,0.1,0.5,0.3,0.1,0,0,0.1,0.1,0.1,0.1,0.1,0.1,0.3,0.1,0.1,0.1,0.1,0.1,0.1,0.1,0.1,0.1,0.645
0.1,0.1,0.1,0.1,0.1,0.1,0.1,0.1,0.1,0.1,0.1,0.1,0.1,0.1,0.1,0.1,0.1,0.1,0.1,0.1,0.1,0.1,0.1,0.1,0.1,0.1,0.1,0.1,0.1,0.1,0.9,0.2,0.1,0.1,0.367,0.1,0.9,0.9,0.1,0.1,0.1,0.1,0,0,0.1,0.1,0.1,0.1,0.1,0.1,0.1,0.1,0.1,0.1,0.1,0.1,0.1,0.1,0.1,0.1,0.195
0.42,0.5,0.633,0.1,0.633,0.5,0.1,0.5,0.367,0.1,0.26,0.1,0.1,0.1,0.1,0.1,0.1,0.1,0.1,0.1,0.5,0.9,0.9,0.9,0.9,0.9,0.1,0.5,0.367,0.5,0.3,0.1,0.1,0.1,0.1,0.1,0.1,0.1,0.1,0.1,0.1,0.1,0,0,0.1,0.1,0.1,0.1,0.1,0.1,0.1,0.1,0.1,0.1,0.1,0.1,0.1,0.1,0.1,0.1,0.695
0.1,0.1,0.1,0.1,0.1,0.1,0.1,0.1,0.1,0.1,0.1,0.1,0.1,0.1,0.1,0.1,0.1,0.1,0.1,0.1,0.1,0.1,0.1,0.1,0.1,0.1,0.1,0.1,0.1,0.1,0.5,0.5,0.443,0.1,0.367,0.1,0.1,0.5,0.1,0.5,0.1,0.1,0,0,0.1,0.1,0.1,0.1,0.1,0.1,0.1,0.1,0.1,0.1,0.1,0.1,0.1,0.1,0.1,0.1,0.533
0.42,0.633,0.233,0.9,0.633,0.5,0.1,0.5,0.367,0.5,0.74,0.633,0.1,0.1,0.1,0.1,0.5,0.9,0.633,0.9,0.3,0.1,0.1,0.1,0.1,0.1,0.1,0.1,0.1,0.1,0.3,0.1,0.1,0.1,0.1,0.1,0.1,0.1,0.1,0.1,0.1,0.1,0,0,0.1,0.1,0.1,0.1,0.1,0.1,0.1,0.1,0.1,0.1,0.1,0.1,0.1,0.1,0.1,0.1,0.709
0.58,0.233,0.1,0.1,0.1,0.5,0.1,0.5,0.9,0.1,0.1,0.1,0.1,0.1,0.1,0.1,0.1,0.1,0.1,0.1,0.1,0.1,0.1,0.1,0.1,0.1,0.1,0.1,0.1,0.1,0.3,0.5,0.557,0.1,0.1,0.1,0.1,0.5,0.1,0.1,0.9,0.42,0,0,0.1,0.1,0.5,0.9,0.633,0.9,0.7,0.3,0.1,0.1,0.1,0.9,0.1,0.5,0.9,0.1,0.811
0.58,0.233,0.1,0.1,0.1,0.5,0.1,0.5,0.9,0.1,0.1,0.1,0.1,0.1,0.1,0.1,0.1,0.1,0.1,0.1,0.1,0.1,0.1,0.1,0.1,0.1,0.1,0.1,0.1,0.1,0.5,0.4,0.329,0.5,0.367,0.5,0.1,0.5,0.367,0.3,0.3,0.1,0,0,0.1,0.1,0.1,0.1,0.1,0.1,0.9,0.5,0.1,0.1,0.1,0.1,0.9,0.9,0.633,0.633,0.709
0.42,0.767,0.233,0.5,0.9,0.1,0.1,0.5,0.1,0.9,0.1,0.1,0.1,0.1,0.1,0.1,0.1,0.1,0.1,0.1,0.1,0.1,0.1,0.1,0.1,0.1,0.1,0.1,0.1,0.1,0.1,0.1,0.1,0.1,0.1,0.1,0.1,0.1,0.1,0.1,0.1,0.1,0,0,0.1,0.1,0.1,0.1,0.1,0.1,0.1,0.1,0.1,0.1,0.1,0.1,0.1,0.1,0.1,0.1,0.463
0.26,0.1,0.1,0.1,0.1,0.1,0.1,0.1,0.1,0.1,0.1,0.1,0.1,0.1,0.1,0.1,0.1,0.1,0.1,0.1,0.1,0.1,0.1,0.1,0.1,0.1,0.1,0.1,0.1,0.1,0.5,0.5,0.214,0.9,0.633,0.5,0.1,0.5,0.367,0.3,0.9,0.42,0,0,0.1,0.1,0.5,0.9,0.633,0.9,0.3,0.1,0.1,0.1,0.1,0.1,0.1,0.1,0.1,0.1,0.796
0.26,0.1,0.1,0.1,0.1,0.1,0.1,0.1,0.1,0.1,0.1,0.1,0.1,0.1,0.1,0.1,0.1,0.1,0.1,0.1,0.1,0.1,0.1,0.1,0.1,0.1,0.1,0.1,0.1,0.1,0.5,0.7,0.214,0.5,0.367,0.5,0.1,0.5,0.367,0.9,0.3,0.1,0,0,0.1,0.1,0.1,0.1,0.1,0.1,0.9,0.5,0.1,0.1,0.1,0.1,0.9,0.9,0.633,0.633,0.631
